date,business_id,revenue_booked,cash_collected,receivables_outstanding,revenue_7d_avg,revenue_30d_avg,revenue_7d_std,revenue_30d_std,collections_7d_avg,collections_30d_avg,collection_ratio_30d,receivables_change_7d,receivables_change_30d,receivables_to_revenue_30d,day_of_week,month,is_weekend
2018-12-30,U001,1381319.72,0.0,1381319.72,1381319.72,1381319.72,,,0.0,0.0,0.0,,,1.0,6,12,1
2018-12-31,U001,1466074.45,0.0,2847394.17,1423697.085,1423697.085,59930.64432063491,59930.64432063491,0.0,0.0,0.0,,,1.0,0,12,0
2019-01-01,U001,1001874.26,0.0,3849268.4299999997,1283089.4766666666,1283089.4766666666,247198.98791864704,247198.98791864704,0.0,0.0,0.0,,,1.0,1,1,0
2019-01-02,U001,2788689.23,0.0,6637957.66,1659489.415,1659489.415,779388.1451035918,779388.1451035918,0.0,0.0,0.0,,,1.0,2,1,0
2019-01-03,U001,2532054.12,0.0,9170011.780000001,1834002.3560000001,1834002.3560000001,779652.6428021395,779652.6428021395,0.0,0.0,0.0,,,1.0,3,1,0
2019-01-04,U001,2894709.46,0.0,12064721.240000002,2010786.8733333333,2010786.8733333333,820855.156623485,820855.156623485,0.0,0.0,0.0,,,1.0000000000000002,4,1,0
2019-01-05,U001,1503492.25,0.0,13568213.490000002,1938316.2128571428,1938316.2128571428,773476.9765190982,773476.9765190982,0.0,0.0,0.0,,,1.0000000000000002,5,1,1
2019-01-06,U001,868045.41,0.0,14436258.900000002,1864991.3114285714,1804532.3625,855102.1877956557,809928.9600018869,0.0,0.0,0.0,13054939.180000002,,1.0000000000000002,6,1,1
2019-01-07,U001,2687277.63,21828.54,17101707.990000002,2039448.9085714284,1902615.1700000002,884229.4634698634,812753.9230063792,3118.362857142857,2425.3933333333334,0.001274768209344895,14254313.820000002,,0.9987252317906552,0,1,0
2019-01-08,U001,2230848.61,88394.08,19244162.52,2215016.672857143,1935438.514,756689.5972770747,773269.7521936661,15746.08857142857,11022.261999999999,0.005694968825033932,15394894.09,,0.994305031174966,1,1,0
2019-01-09,U001,2253569.22,358201.55,21139530.189999998,2138570.957142857,1964359.4872727273,714953.7681648771,739832.5137065471,66917.73857142856,42584.01545454545,0.021678320964391373,14501572.529999997,,0.9783216790356085,2,1,0
2019-01-10,U001,2778348.93,1017104.4600000001,22900774.66,2173755.93,2032191.9408333332,743053.8700273094,743510.4324738714,212218.37571428574,123794.0525,0.060916515813578244,13730762.879999999,,0.9390834841864218,3,1,0
2019-01-11,U001,1796778.1099999999,622291.92,24075260.849999998,2016908.5942857142,2014083.1846153846,678589.8368286955,714845.0890022168,301117.2214285714,162140.0423076923,0.08050315078652277,12010539.609999996,,0.9194968492134772,4,1,0
2019-01-12,U001,1269044.8,0.0,25344305.65,1983416.1014285716,1960866.157142857,713063.4243135263,715083.3992035843,301117.2214285714,150558.6107142857,0.07678168658571881,11776092.159999996,,0.9232183134142812,5,1,1
2019-01-13,U001,1062519.34,0.0,26406824.99,2011198.0914285716,1900976.3693333333,664498.9184460288,727063.5993613449,301117.2214285714,140521.37,0.07392062956010359,11970566.089999996,,0.9260793704398964,6,1,1
2019-01-14,U001,2339054.06,870769.07,27875109.979999997,1961451.8671428573,1928356.225,616770.6301824332,710897.0035265981,422394.44,186161.85125,0.0965391398313867,10773401.989999995,,0.9034608601686132,0,1,0
2019-01-15,U001,2605864.32,2151610.78,28329363.519999996,2015025.5399999998,1968209.6423529412,658918.039529615,707664.9299927781,717139.6828571428,301776.49411764706,0.15332538141459437,9085200.999999996,,0.8466746185854055,1,1,0
2019-01-16,U001,2849966.89,1298761.48,29880568.929999992,2100225.207142857,2017196.1561111112,729663.0483321749,717304.4345284818,851505.3871428572,357164.5488888889,0.17705989960711363,8741038.739999995,,0.8229401003928861,2,1,0
2019-01-17,U001,2442105.28,1639621.6199999999,30683052.589999996,2052190.4,2039559.7942105264,687426.0913536844,703877.4092361561,940436.41,424662.2894736842,0.20821271858718055,7782277.929999996,,0.7917872814128193,3,1,0
2019-01-18,U001,3278978.63,3021666.99,30940364.229999997,2263933.3314285716,2101530.736,812532.689266157,739036.799460455,1283204.2771428574,554512.5245,0.2638612488511327,6865103.379999999,,0.7361387511488673,4,1,0
2019-01-19,U001,2173007.06,48541.68,33064829.61,2393070.7971428568,2104934.3704761905,690770.7323787689,720492.8179305557,1290138.802857143,530418.6747619048,0.25198822452688174,7720523.960000001,,0.7480117754731183,5,1,1
2019-01-20,U001,1414586.68,0.0,34479416.29,2443366.131428571,2073554.93,581999.6951754754,718368.3636340294,1290138.802857143,506308.735,0.24417425729831038,8072591.300000001,,0.7558257427016896,6,1,1
2019-01-21,U001,2611483.66,0.0,37090899.95,2482284.645714286,2096943.1356521738,582969.6691643961,710758.2811870348,1165743.2214285715,484295.3117391304,0.23095300177918698,9215789.970000006,,0.7690469982208131,0,1,0
2019-01-22,U001,2898867.41,6250449.19,33739318.17,2524142.23,2130356.647083333,603479.7252962172,714148.589761789,1751291.565714286,724551.7233333333,0.3401081806303726,5409954.650000006,,0.6598918193696274,1,1,0
2019-01-23,U001,3525505.83,2434400.01,34830423.989999995,2620647.792857143,2186162.6144,709048.7474738971,752738.6770664122,1913525.6414285712,792945.6548,0.36271119521345707,4949855.060000002,,0.6372888047865428,2,1,0
2019-01-24,U001,3739850.8200000003,1864636.31,36705638.5,2806040.012857143,2245919.853076923,816154.2764880614,797994.3685548065,1945670.597142857,834164.5261538462,0.3714133097897665,6022585.910000004,,0.6285866902102335,3,1,0
2019-01-25,U001,3935845.11,2126129.67,38515353.94,2899878.0814285716,2308509.677407407,911756.2136092973,847393.073698425,1817736.6942857143,882015.0870370371,0.3820712105602226,7574989.710000001,,0.6179287894397774,4,1,0
2019-01-26,U001,2239828.86,619117.8300000001,40136064.97,2909424.052857143,2306056.7910714285,903187.1319807076,831653.8441139072,1899247.572857143,872625.8992857143,0.37840607510809793,7071235.359999999,,0.621593924891902,5,1,1
2019-01-27,U001,2157720.78,0.0,42293785.75,3015586.0671428577,2300941.7562068966,724121.1222862409,817132.2670497271,1899247.572857143,842535.3510344827,0.36616978624587293,7814369.460000001,,0.6338302137541271,6,1,1
2019-01-28,U001,2994680.7399999998,4416546.63,40871919.86,3070328.507142857,2324066.389,702646.1333808949,812848.8702532372,2530182.805714286,961669.0603333334,0.41378725878270656,3781019.9099999964,,0.5862127412172934,0,1,0
2019-01-29,U001,2557610.0,2873229.88,40556299.980000004,3021577.4485714287,2363276.065,727909.5905721234,793956.149789198,2047722.904285714,1057443.3896666667,0.4474481019493872,6816981.810000002,39174980.260000005,0.5720350178386798,1,1,0
2019-01-30,U001,3287524.92,2576571.55,41267253.35000001,2987580.175714285,2423991.080666667,705668.4507495037,792623.3283793286,2068033.1242857145,1143329.108,0.471672159653967,6436829.360000014,38419859.18000001,0.5674835698192192,2,1,0
2019-01-31,U001,2967105.25,2589679.17,41644679.43000001,2877187.951428571,2489498.780333333,624100.7894495032,751162.764580667,2171610.6757142856,1229651.747,0.49393546874337285,4939040.930000007,37795411.00000001,0.5576046037725442,3,1,0
2019-02-01,U001,2916197.76,3010952.39,41549924.80000001,2731524.044285714,2493749.0646666666,422147.63239305053,753271.8201161323,2298013.9214285715,1330016.8266666667,0.5333402809093171,3034570.8600000143,34911967.140000015,0.5553876743081457,4,2,0
2019-02-02,U001,1335833.12,6027.41,42879730.51000002,2602381.7957142857,2453875.0313333333,665669.6754060913,782276.4860036474,2210429.575714286,1330217.7403333334,0.5420886244604513,2743665.5400000215,33709718.73000002,0.5824764228342545,5,2,1
2019-02-03,U001,1848362.19,0.0,44728092.70000002,2558187.7114285715,2418996.789,708971.9115070783,785264.1674982759,2210429.575714286,1330217.7403333334,0.5499047152035443,2434306.950000018,32663371.460000016,0.6163449369230782,6,2,1
2019-02-04,U001,2482186.6,5235343.28,41974936.02000001,2484974.262857143,2451619.9340000004,682345.9007254406,766012.309110156,2327400.5257142857,1504729.183,0.6137693539409766,1103016.1600000113,28406722.53000001,0.5707102127029777,0,2,0
2019-02-05,U001,3770729.86,3598225.7600000002,42147440.12000001,2658277.1,2548376.0823333333,839764.8441838175,742037.294121342,2430971.365714286,1624670.0416666667,0.6375315060166054,1591140.140000008,27711181.22000001,0.5512980130390743,1,2,0
2019-02-06,U001,3597865.27,2496613.94,43248691.45000001,2702611.435714286,2578729.003666667,885470.1517771068,766147.0091717517,2419548.85,1707162.8883333332,0.6620171743156946,1981438.1000000015,26146983.46000001,0.5590440276134118,2,2,0
2019-02-07,U001,3475984.15,3175447.75,43549227.85000002,2775308.4214285715,2620233.521666667,930546.3228136183,780248.0425483051,2503230.075714286,1810064.6773333333,0.6908028091259573,1904548.4200000092,24305065.330000017,0.5540120437089823,3,2,0
2019-02-08,U001,2322008.7,3446470.29,42424766.26000002,2690424.27,2622514.8376666666,942575.5806114053,779238.4087214203,2565446.9185714284,1913006.9686666667,0.7294551554830206,874841.4600000083,21285236.070000023,0.5392377023085045,4,2,0
2019-02-09,U001,2094859.29,55145.009999999995,44464480.54000003,2798856.5799999996,2599731.8496666667,792482.3711782796,784499.1067786361,2572463.7185714287,1880941.6536666667,0.7235137169657855,1584750.0300000086,21563705.88000003,0.5701162416129083,5,2,1
2019-02-10,U001,1652571.53,0.0,46117052.07000003,2770886.485714286,2594924.9636666668,833988.7488231541,790011.1606822667,2572463.7185714287,1860198.589666667,0.7168602621318881,1388959.3700000122,22041791.220000032,0.5924005859606305,6,2,1
2019-02-11,U001,2109515.14,6379919.14,41846648.07000003,2717647.705714286,2622940.6416666666,866741.7202787811,755520.5907453778,2735974.555714286,2072862.5610000002,0.7902819179632153,-128287.94999998063,16502342.420000032,0.5318032161466156,0,2,0
2019-02-12,U001,2191921.4899999998,4213051.44,39825518.12000002,2492103.652857143,2660587.38,743725.1340146406,701276.5230428574,2823806.7957142857,2213297.609,0.8318830742555805,-2321921.9999999925,13418693.130000021,0.49895646376653396,1,2,0
2019-02-13,U001,3556208.73,2266126.7,41115600.15000002,2486152.7185714287,2701159.2023333334,733499.0815392204,717064.077236873,2790880.0471428568,2259809.5300000003,0.8366073084651643,-2133091.2999999896,13240490.170000024,0.5073821653370556,2,2,0
2019-02-14,U001,2622754.41,2583467.84,41154886.72000001,2364262.7557142857,2701722.205333333,600419.1638421282,716993.3035500797,2706311.488571428,2274204.7653333335,0.8417611406694371,-2394341.1300000027,12825523.200000018,0.5077611438456827,3,2,0
2019-02-15,U001,2027133.94,3048431.6,40133589.06000002,2322137.79,2674294.4403333333,614066.7550382024,726798.0532288634,2649448.818571429,2332527.1026666667,0.8722028014147659,-2291177.200000003,10253020.130000025,0.5002389721280108,4,2,0
2019-02-16,U001,1628507.1500000001,0.0,41762096.21000002,2255516.055714286,2647174.5026666666,665941.26839244,750552.0132913628,2641570.96,2277873.0486666667,0.8604922140085669,-2702384.3300000057,11079043.620000027,0.5258700823328222,5,2,1
2019-02-17,U001,734194.12,0.0,42496290.33000003,2124319.282857143,2562348.352333334,865183.6814831601,817501.9694325469,2641570.96,2177150.8156666667,0.8496701136221789,-3620761.740000002,11555926.100000031,0.5528299888303884,6,2,1
2019-02-18,U001,2423004.64,23706.97,44895588.00000003,2169103.497142857,2570681.605,872373.3160379244,814665.6044683048,1733540.6500000001,2176322.992,0.8465937546551977,3048939.9299999997,11830758.39000003,0.5821489511144655,0,2,0
2019-02-19,U001,2848137.44,7542604.84,40201120.600000024,2262848.632857143,2618466.6303333337,909694.1424341009,786056.1832027968,2209191.1357142855,2427743.1533333333,0.9271621510121283,375602.4800000042,5721704.310000025,0.5117641515113546,1,2,0
2019-02-20,U001,3275907.63,4474885.38,39002142.850000024,2222805.6185714286,2640614.096,847304.0271485195,795160.1437163127,2524728.0900000003,2576905.9993333337,0.9758737572585213,-2113457.299999997,1911242.9000000209,0.49233677510950247,2,2,0
2019-02-21,U001,3178365.28,3345715.09,38834793.04000002,2302178.6,2649930.691666667,914383.1642197272,799913.5204023167,2633620.554285715,2480081.529333333,0.9359043001134089,-2320093.6799999923,5095474.87000002,0.48850073905863783,3,2,0
2019-02-22,U001,2399364.22,3818838.01,37415319.250000015,2355354.354285714,2612392.638,906511.7465578488,783666.5840383995,2743678.612857143,2526229.4626666666,0.9670175248237959,-2718269.8100000024,2584895.2600000203,0.47740806270536346,4,2,0
2019-02-23,U001,1905699.89,2812.5,39318206.640000015,2394953.3171428572,2551254.2736666664,874974.9533313086,763972.8699220343,2744080.3985714284,2464168.6689999998,0.9658655722537969,-2443889.5700000077,2612568.1400000155,0.5137108055154355,5,2,1
2019-02-24,U001,861668.0,0.0,40179874.640000015,2413163.871428571,2448781.703333333,835065.7056585714,777896.655562256,2744080.3985714284,2393297.68,0.9773421929534156,-2316415.6900000125,1664520.7000000179,0.5469369331057743,6,2,1
2019-02-25,U001,2884683.4899999998,3916866.67,39147691.46000002,2479117.992857143,2470276.857666666,853989.918328475,780827.607411897,3300246.0700000003,2503222.641333333,1.0133368790483614,-5747896.540000007,-988373.5099999756,0.5282497160659353,0,2,0
2019-02-26,U001,3337829.45,3602697.29,38882823.620000005,2549073.9942857143,2509613.813333333,907629.311535251,794150.9267384215,2737402.1342857145,2623312.5509999995,1.045305272493559,-1318296.980000019,-3410962.129999995,0.5164516204766827,1,2,0
2019-02-27,U001,3010115.43,1817042.23,40075896.82000001,2511103.68,2510128.3030000003,877204.4289501804,794480.9440369381,2357710.2557142857,2536662.404333333,1.0105708147673649,1073753.969999984,-796023.0399999917,0.532189221458029,2,2,0
2019-02-28,U001,3223486.8,2871841.08,40427542.54000002,2517549.6114285714,2532324.1963333334,883071.012397585,805083.9589106706,2290013.9685714287,2536616.111,1.0016948519754623,1592749.5,-128757.43999998271,0.5321533290581684,3,2,0
2019-03-01,U001,3042887.24,3776876.0,39693553.78000003,2609481.4714285717,2524169.607,902010.5364024197,798381.9156674227,2284019.395714286,2576626.2593333335,1.0207817462772157,2278234.530000016,-1573699.569999978,0.5241796968254735,4,3,0
2019-03-02,U001,2108027.42,0.0,41801581.20000002,2638385.404285714,2495533.6793333334,878638.8750675331,797352.9193101497,2283617.61,2490303.6203333335,0.9979042322516773,2483374.5600000024,156901.77000001073,0.5583519275012291,5,3,1
2019-03-03,U001,1695960.3699999999,0.0,43497541.57000002,2757570.0285714283,2454859.099666667,614280.4767332015,806228.0251021539,2283617.61,2389938.540666667,0.9735542626422773,3317666.930000007,1947616.7700000107,0.5906318829175211,6,3,1
2019-03-04,U001,4177795.9699999997,4509734.84,43165602.70000002,2942300.382857143,2549591.194666667,819150.9619357975,836601.756010503,2368313.0628571426,2540062.121666667,0.9962625094485997,4017911.2399999946,285872.1899999976,0.5643467181496324,0,3,0
2019-03-05,U001,3199285.08,2853697.79,43511189.990000024,2922508.3299999996,2594621.9576666667,809619.8289689902,833908.9379252867,2261313.134285714,2635185.381333334,1.0156336546627955,4628366.37000002,-1216902.7099999934,0.5589920317220248,1,3,0
2019-03-06,U001,3446387.2399999998,1883056.72,45074520.510000035,2984832.874285714,2626761.979,833915.3905311264,847889.720041189,2270743.7757142857,2523442.4960000003,0.9606665987150718,4998623.690000027,3099584.4900000244,0.5719909260952499,2,3,0
2019-03-07,U001,3464596.57,2777850.19,45761266.89000003,3019277.1271428573,2616557.536,850235.4510144497,835397.3391313107,2257316.5057142857,2496096.643666667,0.9539620701337663,5333724.350000009,3613826.770000018,0.5829703883874392,3,3,0
2019-03-08,U001,2876234.06,4509260.27,44128240.68000004,2995469.53,2592503.1623333334,851795.9656736036,816339.2076010837,2361942.8299999996,2563184.8546666666,0.9886911198055089,4434686.900000006,879549.2300000265,0.5673826660547284,4,3,0
2019-03-09,U001,1885004.53,39142.259999999995,45974102.95000003,2963609.117142857,2539470.5083333333,893663.9580120628,808607.2134063938,2367534.5814285716,2458641.3383333334,0.9681708569818956,4172521.750000015,2424875.1000000164,0.6034604825314951,5,3,1
2019-03-10,U001,1422472.89,0.0,47396575.84000002,2924539.477142857,2509485.981333333,961708.0366193849,833251.732197814,2367534.5814285716,2343758.9953333335,0.9339597880869825,3899034.269999996,4971809.579999998,0.6295655258029826,6,3,1
2019-03-11,U001,3422421.37,4438001.43,46380995.78000003,2816628.8200000003,2553738.0506666666,831165.4126447272,845632.4584474105,2357286.9514285713,2489854.209333333,0.9749841839429632,3215393.080000013,1916515.240000002,0.6054000692291317,0,3,0
2019-03-12,U001,3079923.74,3155595.21,46305324.31000003,2799577.1999999997,2601316.4576666667,823192.8446026003,833244.438323691,2400415.154285714,2595040.716333334,0.9975874748668747,2794134.3200000077,188272.2400000021,0.5933575693123609,1,3,0
2019-03-13,U001,3219039.14,2783195.85,46741167.600000024,2767098.9,2638300.5909999995,797504.4375944519,835283.7741745971,2529006.458571429,2475149.94,0.9381607040696753,1666647.0899999887,4894519.529999994,0.590546401465746,2,3,0
2019-03-14,U001,3562383.85,2768731.19,47534820.26000002,2781068.511428572,2683982.669666667,812474.5195629086,847416.7748170113,2527703.744285714,2427005.931666666,0.9042554406538268,1773553.3699999899,7709302.140000001,0.5903518031520864,3,3,0
2019-03-15,U001,3499917.05,3430554.82,47604182.49000004,2870166.0814285716,2682106.280333333,857594.2290836925,845478.960454677,2373602.9657142856,2465820.2023333334,0.9193596168854579,3475941.8100000024,6488582.3400000185,0.5916268473905487,4,3,0
2019-03-16,U001,1866971.95,0.0,49471154.44000003,2867589.9985714285,2656913.5316666667,861066.7705473722,858468.6968162549,2368011.214285714,2379704.6076666666,0.8956650562029739,3497051.4899999946,8316267.720000014,0.6206594462631615,5,3,1
2019-03-17,U001,1104686.05,0.0,50575840.49000004,2822191.878571429,2626165.268666667,953384.8339251953,897439.0911888934,2368011.214285714,2278090.2210000004,0.8674588184454256,3179264.650000021,10442251.430000022,0.6419479268045452,6,3,1
2019-03-18,U001,3049565.24,5760319.09,47865086.640000045,2768926.717142857,2673533.8716666666,924231.1048022638,880304.473716297,2556913.737142857,2470100.857333333,0.9239085704171334,1484090.8600000143,6102990.430000022,0.596776762362608,0,3,0
2019-03-19,U001,2896601.97,4588584.63,46173103.98000005,2742737.8928571427,2745614.1333333333,916515.1072448224,800990.6970776734,2761626.5114285713,2623053.6783333337,0.955361369424769,-132220.3299999833,3676813.650000021,0.5605680154812729,1,3,0
2019-03-20,U001,2922467.78,3331170.84,45764400.92000005,2700370.555714286,2762262.9046666664,897484.8806855038,799242.781441145,2839908.652857143,2733302.4739999995,0.9895156863534822,-976766.6799999774,868812.9200000167,0.5522573640942966,2,3,0
2019-03-21,U001,3164146.64,3129124.05,45799423.51000002,2643479.5257142857,2772796.544666666,844811.6040596757,802489.4254463855,2891393.347142857,2586186.447666667,0.9326996791888916,-1735396.75,5598302.909999996,0.550580407087481,3,3,0
2019-03-22,U001,2579635.39,2893678.3,45485380.599999994,2512010.717142857,2749587.4699999997,756289.449152177,797490.0214212005,2814696.701428571,2533479.545,0.9214035096690341,-2118801.8900000453,6483237.74999997,0.5514206657820321,4,3,0
2019-03-23,U001,1562341.6,241952.35,46805769.849999994,2468492.095714286,2695720.014,806678.5515777885,821738.5051540489,2849261.3228571424,2430020.787,0.901436638219061,-2665384.5900000334,7970976.809999973,0.5787664595101133,5,3,1
2019-03-24,U001,1133337.7,0.0,47939107.54999998,2472585.1885714284,2653519.1300000004,798637.8788973778,868652.449345868,2849261.3228571424,2302726.1866666665,0.8678008613665681,-2636732.940000057,10523788.299999967,0.6022079259201217,6,3,1
2019-03-25,U001,2701473.25,4679458.11,45961122.68999997,2422857.7614285713,2680044.908666667,766932.0716882831,857102.430783153,2694852.6114285714,2458614.3736666664,0.9173780505379058,-1903963.9500000775,6642916.049999952,0.5716461757956861,0,3,0
2019-03-26,U001,2862729.16,4857272.78,43966579.06999996,2418018.788571429,2746746.9473333335,763544.1679019538,785592.6123244027,2733236.632857143,2620523.466333333,0.9540461923066689,-2206524.910000086,3786704.4299999475,0.5335593936272471,1,3,0
2019-03-27,U001,4147612.87,2383139.08,45731052.859999955,2593039.5157142854,2788844.5933333337,1001715.1370752946,826036.4297123395,2597803.5242857146,2569399.213333333,0.9213131558048879,-33348.06000009179,6583361.399999931,0.5465949706594019,2,3,0
2019-03-28,U001,3247271.57,3174678.82,45803645.609999955,2604914.5057142857,2785825.9973333334,1010071.6493403792,824124.33937122,2604311.3485714286,2555131.9310000003,0.9171900662302098,4222.099999934435,6920821.98999995,0.5480558327984162,3,3,0
2019-03-29,U001,3897754.37,4810321.08,44891078.89999995,2793217.217142857,2815413.962,1121313.1382359036,848041.6060531541,2878117.46,2654907.892666667,0.9429902417549589,-594301.7000000477,4815182.079999939,0.5314917510758104,4,3,0
2019-03-30,U001,2052113.24,46673.02,46896519.119999945,2863184.5942857144,2776368.1766666668,1044347.5799826015,855538.3413654219,2850220.4128571427,2560735.624,0.9223328683569781,90749.26999995112,6468976.579999924,0.5630439496957538,5,3,1
2019-03-31,U001,1707400.25,0.0,48603919.369999945,2945193.5300000003,2731851.9436666667,898179.6517549809,875699.5020720778,2850220.4128571427,2434839.757333333,0.8912780807825601,664811.819999963,8910365.589999914,0.5930521415784122,6,3,1
2019-04-01,U001,2445873.08,4864366.55,46185425.89999995,2908679.2199999997,2743113.4656666666,914781.2483522756,869551.2345903947,2876635.904285714,2596985.309,0.9467290877699247,224303.20999997854,4383844.6999999285,0.561228770131283,0,4,0
2019-04-02,U001,3303201.47,4028258.38,45460368.98999995,2971603.8357142857,2796688.1689999998,926172.0719277106,852147.8469638552,2758205.2757142857,2731260.5883333334,0.9766053357711093,1493789.919999987,1962827.4199999273,0.5418357505126623,1,4,0
2019-04-03,U001,3350212.46,2754543.53,46056037.91999996,2857689.4914285713,2769102.052,797525.3535924742,818632.6532211851,2811263.054285714,2672754.2113333335,0.9652061069410285,324985.0600000024,2890435.219999939,0.5544040035979139,2,4,0
2019-04-04,U001,2979107.51,3158470.82,45876674.609999955,2819380.34,2761762.7996666664,781982.0052750942,815624.409055036,2808947.6257142858,2682913.312333333,0.9714495801946313,73029.0,2365484.6199999303,0.5537124648013108,3,4,0
2019-04-05,U001,2532722.2,3878231.3,44531165.50999993,2624375.7442857143,2731307.2983333333,622102.6085845655,806182.4677495296,2675791.9428571425,2749419.1316666664,1.0066311957443912,-359913.3900000155,-543355.0000001043,0.5434658284596686,4,4,0
2019-04-06,U001,2264222.33,5743.2,46789644.639999956,2654677.042857143,2691294.8236666666,594119.6373333714,798282.6445203116,2669944.8257142855,2657015.5653333333,0.987262912248822,-106874.47999998927,1028377.7499999255,0.5795183818651393,5,4,1
2019-04-07,U001,1327492.14,0.0,48117136.77999994,2600404.4557142854,2639670.093,702535.4924451362,835137.8595689455,2669944.8257142855,2506706.8896666667,0.9496288556339176,-486782.5900000036,3988896.0999999046,0.6076155363454852,6,4,1
2019-04-08,U001,3134129.42,4133271.47,47117994.72999993,2698726.79,2681307.589333333,725103.2260256318,827317.2591456642,2565502.6714285715,2643177.863333333,0.9857794286072638,932568.8299999833,1143891.779999897,0.5857589150090151,0,4,0
2019-04-09,U001,3569227.89,3360671.33,47326551.2899999,2736730.564285714,2752866.0893333335,767780.4209404599,807278.9686508061,2470133.0928571424,2755200.2409999995,1.0008478987320562,1866182.2999999523,-70024.55000011623,0.5730579179929169,1,4,0
2019-04-10,U001,2231308.95,3068271.69,46489588.54999989,2576887.205714286,2713162.342,734525.0535254386,802489.8025499493,2514951.401428572,2709542.5829999996,0.9986658524099475,433550.6299999356,108592.76999986172,0.5711611604207733,2,4,0
2019-04-11,U001,2849078.47,3168709.81,46169957.20999989,2558311.6285714284,2705467.4996666666,724229.9211633605,799954.5152055488,2516414.1142857145,2709979.736333333,1.0016678214272479,293282.59999993443,-135367.10000014305,0.5688475554987369,3,4,0
2019-04-12,U001,3609098.5300000003,3693861.55,46085194.18999988,2712079.6757142856,2718469.479333333,825130.2805571642,811673.6908155852,2490075.5785714285,2740335.2596666664,1.0080434157894962,1554028.6799999475,-655973.4100001454,0.565087506534518,4,4,0
2019-04-13,U001,2023834.05,94247.48999999999,48014780.74999985,2677738.4928571433,2667184.486,851458.6015262748,805092.276333311,2502719.0485714287,2651185.8030000003,0.9940016586464204,1225136.109999895,479960.4899998307,0.6000682367746277,5,4,1
2019-04-14,U001,1247340.04,0.0,49262120.78999987,2666288.192857143,2592098.5856666667,872911.5319454335,829424.6361341143,2502719.0485714287,2536833.9756666664,0.978679587919382,1144984.0099999309,1657938.299999833,0.6334908332885295,6,4,1
2019-04-15,U001,3176539.25,5803338.08,46635321.95999986,2672346.7399999998,2635750.8290000004,876838.1683798551,824391.2756505227,2741299.992857143,2730278.578333333,1.035863689501028,-482672.77000007033,-2835832.480000168,0.5897790925061662,0,4,0
2019-04-16,U001,2856270.08,3369138.87,46122453.16999984,2570495.6242857142,2694136.9633333334,792662.968578298,772617.7947861853,2742509.641428571,2842583.2073333333,1.0550997391819064,-1204098.1200000644,-4453387.320000201,0.5706521704689012,1,4,0
2019-04-17,U001,2979409.41,2878847.63,46223014.94999987,2677367.118571429,2691798.435666667,789736.2176311688,771610.4183931182,2715449.0614285716,2746534.158666667,1.020334257674997,-266573.60000002384,-1642071.6900001764,0.5723932165888194,2,4,0
2019-04-18,U001,3560090.9,3262283.26,46520822.589999855,2778940.322857143,2713914.7333333334,858253.6955856313,787037.4370598743,2728816.697142857,2702324.1129999994,0.9957291877335078,350865.37999996543,347718.6099998057,0.5713864430916394,3,4,0
2019-04-19,U001,3343748.55,3352759.52,46511811.619999856,2741033.1828571423,2727957.425666667,820506.2930531692,794608.7790332224,2680087.8357142857,2703043.735666667,0.9908672731599132,426617.42999997735,747410.6999998093,0.5683350136183931,4,4,0
2019-04-20,U001,1484842.41,66532.74,47930121.28999987,2664034.377142857,2671980.6180000002,918469.9605602721,821515.8835613095,2676128.5857142853,2600957.3586666663,0.9734192460623103,-84659.45999997854,2130697.779999852,0.5979349920818409,5,4,1
2019-04-21,U001,763897.46,0.0,48694018.74999985,2594971.1514285714,2611456.020333334,1051319.1527539433,892383.8464045494,2676128.5857142853,2504501.415333333,0.9590440719019466,-568102.0400000215,3208638.149999857,0.6215436697747438,6,4,1
2019-04-22,U001,2690728.99,5490085.28,45894662.45999986,2525569.6857142854,2649068.933333333,1022159.7993099764,870143.0748471204,2631378.185714286,2679439.179666667,1.0114644983190824,-740659.5,-911107.3900001347,0.577494251942706,0,4,0
2019-04-23,U001,3402212.63,4515500.94,44781374.14999986,2603561.478571429,2724698.0976666664,1071247.325524951,831606.4904048656,2795144.195714285,2829955.8776666666,1.0386309881781541,-1341079.019999981,-3157733.400000125,0.5478450889458055,1,4,0
2019-04-24,U001,2508796.32,2650030.91,44640139.55999985,2536331.0371428574,2718275.533333333,1058418.9652970866,832535.5536716498,2762456.0928571424,2762308.3043333334,1.0161987887026316,-1582875.3900000155,-1320983.1300001144,0.5474075875506642,2,4,0
2019-04-25,U001,2753470.56,2157301.29,45236308.829999864,2421099.56,2714633.58,968471.4329740636,832120.7206976289,2604601.5257142857,2672309.2546666665,0.9844088256900831,-1284513.7599999905,1269729.759999901,0.5554624285609829,3,4,0
2019-04-26,U001,3290138.54,2948133.94,45578313.42999989,2413440.987142857,2686051.102333333,960135.2780350781,795105.4905752558,2546797.8714285716,2691142.4166666665,1.0018954644343552,-933498.1899999678,-152739.43000006676,0.565617352928824,4,4,0
2019-04-27,U001,2094427.64,17554.670000000002,47655186.39999989,2500524.5914285714,2647622.9713333333,886711.8878193366,794904.8471235589,2539801.004285714,2585904.945,0.9766892692042732,-274934.8899999857,1851540.789999932,0.5999744791960933,5,4,1
2019-04-28,U001,1646448.18,0.0,49301634.579999894,2626603.2657142854,2572579.4316666666,621805.1316098637,778923.0900667149,2539801.004285714,2425560.909,0.9428517071788063,607615.8300000429,4410555.679999948,0.6388093596272933,6,4,1
2019-04-29,U001,2904167.68,4173311.96,48032490.29999989,2657094.507142857,2600981.246333333,630644.0643122678,774814.328023557,2351690.5300000003,2563115.5403333334,0.9854417612378482,2137827.8400000334,1135971.1799999475,0.6155688405124343,0,4,0
2019-04-30,U001,3393502.91,3740699.91,47685293.29999992,2655850.261428572,2657184.6683333335,628935.2241249289,768891.2504479039,2241004.6685714284,2687805.5373333334,1.0115238016254273,2903919.1500000656,-918626.0700000226,0.5981931913161507,1,4,0
2019-05-01,U001,4110648.17,3580027.67,48215913.79999995,2884686.2399999998,2712677.1713333335,826801.8559831767,811982.2471747537,2373861.3485714286,2644994.241333334,0.975049397430977,3575774.240000099,2030487.900000006,0.5924763711845212,2,5,0
2019-05-02,U001,3164411.6,3085820.68,48294504.71999997,2943392.1028571427,2708050.8423333336,830513.0872294153,808891.1712574338,2506506.9757142854,2613579.651333333,0.9651146907867499,3058195.890000105,2834135.730000019,0.5944559085947348,3,5,0
2019-05-03,U001,2399486.71,5193623.14,45500368.28999996,2816156.1271428573,2676359.9839999997,836738.604986853,801454.579492806,2827291.1471428573,2694882.3049999997,1.0069207136225065,-77945.13999992609,-555669.6299999952,0.5666946718928372,4,5,0
2019-05-04,U001,1574564.39,104994.48000000001,46969938.19999993,2741889.948571428,2629541.8800000004,929411.8869911544,823870.0363549934,2839782.5485714287,2593099.7603333336,0.98614126668077,-685248.1999999583,1093263.5899999738,0.5954134515121943,5,5,1
2019-05-05,U001,1743602.3,0.0,48713540.49999994,2755769.1085714283,2603237.8833333333,910867.3410058114,839516.5100563751,2839782.5485714287,2463825.3836666667,0.9464465001223189,-588094.0799999535,4182374.9900000095,0.6237557826463963,6,5,1
2019-05-06,U001,2167584.68,4320279.53,46560845.649999976,2650542.9657142856,2600016.6283333334,933140.4749101913,841046.1880530674,2860777.915714286,2607643.2613333333,1.0029333016246471,-1471644.6499999166,-228798.98999997973,0.5969301009156298,0,5,0
2019-05-07,U001,3468820.78,3711639.02,46318027.40999997,2661302.661428571,2671394.249666667,943511.6657704723,819925.5886853258,2856626.36,2731364.562,1.022449068437134,-1367265.889999956,-1799109.369999975,0.5779507263642006,1,5,0
2019-05-08,U001,3018425.74,3369172.83,45967280.31999999,2505270.885714286,2667537.4603333334,730045.5083388215,817943.6354231741,2826504.2399999998,2705894.607333333,1.0143792346200855,-2248633.4799999595,-1150714.4099999368,0.5744034339228605,2,5,0
2019-05-09,U001,3152811.08,3368976.98,45751114.41999996,2503613.6685714284,2653656.9,728310.9755775137,805553.7116338691,2866955.14,2706171.4623333337,1.0197895072016783,-2543390.300000012,-1575436.8699999452,0.5746926617880902,3,5,0
2019-05-10,U001,3484633.5100000002,3071949.4899999998,46163798.43999994,2658634.64,2695434.3853333336,813014.7864150038,815335.1389324212,2563858.9042857145,2706294.055666667,1.0040289128878166,663430.1499999762,-325790.1099999547,0.5708887924359676,4,5,0
2019-05-11,U001,2182700.82,24848.31,48321650.94999993,2745511.272857143,2673221.797,702902.3291924662,820068.489705185,2552409.4514285713,2601498.672333333,0.9731697815919512,1351712.75,2151693.7400000393,0.6025394900419223,5,5,1
2019-05-12,U001,961992.6,0.0,49283643.54999995,2633852.7442857143,2584984.932666667,917812.0707988525,857456.6498519807,2552409.4514285713,2478369.9540000004,0.9587560541187825,570103.0500000119,3198449.360000074,0.6355116803867146,6,5,1
2019-05-13,U001,3071206.21,4698542.0,47656307.75999993,2762941.534285714,2619897.338,904755.8344749113,855140.2349386186,2606446.947142857,2631846.4376666667,1.0045609037779275,1095462.1099999547,-358472.98999992013,0.6063381068254659,0,5,0
2019-05-14,U001,2748269.67,3270742.31,47133835.119999945,2660005.661428571,2669928.3256666665,850419.3001811698,815034.4343992444,2543461.702857143,2740871.1813333333,1.0265710712099183,815807.7099999785,-2128285.6699999273,0.5884531888851471,1,5,0
2019-05-15,U001,3440445.19,3507929.8,47066350.50999993,2720294.154285714,2678725.1903333333,893910.5012211348,822084.6674485895,2563284.1271428573,2664357.5719999997,0.9946363970499171,1099070.189999938,431028.5500000715,0.5856809634653505,2,5,0
2019-05-16,U001,2802266.79,2687349.57,47181267.72999996,2670216.3985714284,2676925.080666667,875266.6313582659,821741.5471764992,2465908.7828571424,2641631.262,0.9868155373784772,1430153.3100000024,1058814.5600001216,0.5875057676032014,3,5,0
2019-05-17,U001,2653389.43,4632069.4,45202587.75999999,2551467.2442857143,2666057.748,799463.1990481829,819756.694982834,2688783.055714286,2700071.9876666665,1.0127582531519368,-961210.6799999475,-1020427.1899998784,0.565161398496959,4,5,0
2019-05-18,U001,1839544.83,0.0,47042132.589999974,2502444.96,2608706.212333333,835550.8160868029,815225.428894116,2685233.297142857,2591329.2123333337,0.9933388436314349,-1279518.3599999547,521310.0000001192,0.6010914831727203,5,5,1
2019-05-19,U001,1378545.3900000001,0.0,48420677.97999996,2561952.5014285715,2543199.4403333333,713470.3608873594,832889.7926198095,2685233.297142857,2479570.5616666665,0.9749807751379787,-862965.5699999928,1908866.3600001037,0.6346425583995035,6,5,1
2019-05-20,U001,3362372.89,4705503.95,47077546.91999996,2603547.7414285718,2605783.7896666666,755365.4795308152,821077.4734834353,2686227.8614285714,2634202.9353333334,1.0109061794686742,-578760.8399999738,-852574.3699999154,0.602218637717728,0,5,0
2019-05-21,U001,3612662.31,4065215.2199999997,46624994.00999993,2727032.404285714,2700742.618,847947.5797642184,763422.9188409813,2799723.9914285713,2769710.1093333336,1.025536491657397,-508841.1100000143,-2069024.7399999201,0.5754589336435605,1,5,0
2019-05-22,U001,3248124.42,3890466.12,45982652.30999994,2699558.0085714287,2719322.4656666666,823750.1418562831,769925.9319408447,2854372.0371428574,2716389.470666667,0.9989214243485166,-1083698.199999988,87989.85000008345,0.5636532983315126,2,5,0
2019-05-23,U001,2726137.43,2920352.44,45788437.29999995,2688682.385714286,2696786.6256666672,822669.9616596662,759066.2100110322,2887658.161428571,2663217.8540000003,0.9875523071246438,-1392830.4300000072,1007063.1500000954,0.5659629237281696,3,5,0
2019-05-24,U001,2389387.74,3189079.92,44988745.119999945,2650967.858571429,2692806.3396666665,830571.1075548786,760397.8601028332,2681516.807142857,2681186.1543333335,0.9956847304010836,-213842.6400000453,348605.5600000918,0.5569003664478022,4,5,0
2019-05-25,U001,2622034.2600000002,387524.08999999997,47223255.28999996,2762752.062857143,2688425.1296666665,752113.6939502951,760414.9265123305,2736877.391428571,2622193.5810000002,0.9753641833146834,181122.69999998808,1986946.4600000978,0.5855132405572464,5,5,1
2019-05-26,U001,1528141.44,0.0,48751396.72999996,2784122.927142857,2629691.893,706999.3318917848,780128.3354430038,2736877.391428571,2523922.449666667,0.9597787696669401,330718.75,3173083.3000000715,0.6179608196657528,6,5,1
2019-05-27,U001,1078895.9,16477.32,49813815.30999994,2457911.9285714286,2595840.835,896996.7685935852,824903.1278675573,2067016.4442857145,2523886.538,0.9722809287727382,2736268.3899999857,2158628.910000056,0.6396619114489474,0,5,0
2019-05-28,U001,3363176.43,7265400.37,45911591.369999945,2422271.088571429,2653065.11,847032.3395055976,816272.2017493348,2524185.751428571,2766066.5503333337,1.0425927882084032,-713402.6399999857,-3390043.2099999487,0.5768370980537293,1,5,0
2019-05-29,U001,3991861.65,4100891.74,45802561.27999991,2528519.2642857144,2689321.5756666665,1000611.7117881476,851218.1261213496,2554246.554285714,2763652.5429999996,1.027639300560368,-180091.030000031,-2229929.019999981,0.5677089926622818,2,5,0
2019-05-30,U001,2751975.03,3395834.43,45158701.879999876,2532210.35,2667937.313,1001509.4405962157,840913.5457615217,2622172.552857143,2752157.0270000002,1.0315673511478791,-629735.4200000763,-2526591.4200000465,0.5642149293882838,3,5,0
2019-05-31,U001,3383847.87,5248260.02,43294289.7299999,2674276.082857143,2643710.6363333333,1047356.7060302281,807730.697370412,2916341.1385714286,2807764.772,1.0620544977245314,-1694455.3900000453,-4921624.070000052,0.5458778170221944,4,5,0
2019-06-01,U001,1712294.17,11990.8,44994593.099999905,2544313.2128571426,2595306.722,1109518.2120750535,818883.9435532446,2862693.5257142857,2705303.776,1.0423830651951744,-2228662.190000057,-3299911.6200000644,0.5778969234296142,5,6,1
2019-06-02,U001,1581767.9,0.0,46576360.99999988,2551974.1357142855,2568049.428333333,1101488.5047619126,838989.1935954966,2862693.5257142857,2532183.0046666665,0.9860335929398587,-2175035.7300000787,1075992.709999919,0.6045621044273538,6,6,1
2019-06-03,U001,2017536.5899999999,4748997.7700000005,43844899.81999987,2686065.6628571427,2582815.1683333335,937146.5373594876,824677.4540550705,3538767.8757142858,2686983.114333333,1.040331165496143,-5968915.490000069,-3125038.380000055,0.5658541418624828,0,6,0
2019-06-04,U001,3334280.48,4174154.5300000003,43005025.76999992,2681937.6699999995,2635837.7743333336,933724.260762318,819982.6358007353,3097161.327142857,2826121.5986666665,1.0721910225986728,-2906565.600000024,-5708514.730000019,0.5438501841649053,1,6,0
2019-06-05,U001,3382651.19,3125823.46,43261853.49999994,2594907.604285714,2676339.9913333333,811698.3171290664,826042.3007753429,2957865.8585714283,2786306.3963333336,1.0410883540043863,-2540707.7799999714,-3298992.1500000358,0.5388186060078662,2,6,0
2019-06-06,U001,2751437.28,2644936.64,43368354.139999926,2594830.782857143,2652427.2079999996,811680.9995341904,812583.9959467187,2850594.7457142854,2750749.6503333333,1.0370688560412828,-1790347.73999995,-2949673.2700000405,0.5450146945810791,3,6,0
2019-06-07,U001,2884686.72,3324488.19,42928552.66999996,2523522.0471428568,2647969.2406666665,750425.4593227226,810871.8831348132,2575770.1985714287,2749260.1623333334,1.038252302976588,-365737.0599999428,-3038727.6500000358,0.5403959130984473,4,6,0
2019-06-08,U001,1551385.63,15587.4,44464350.899999976,2500535.112857143,2594588.3923333334,781247.9302207219,829000.8110781156,2576283.9985714285,2637480.5096666664,1.016531376406398,-530242.1999999285,-1286763.519999981,0.5712447625139858,5,6,1
2019-06-09,U001,1374321.54,0.0,45838672.44,2470899.9185714284,2524244.6599999997,824637.9082086956,840329.4029281276,2576283.9985714285,2535082.1933333334,1.0042933767495157,-737688.5599998832,-325125.9999999404,0.605312065114956,6,6,1
2019-06-10,U001,2504919.51,5526571.34,42817020.610000014,2540526.0500000003,2534985.2830000003,800192.738823228,837869.0559913756,2687365.9371428574,2718472.961,1.0723821472378936,-1027879.2099998593,-5504630.339999914,0.563014716457955,0,6,0
2019-06-11,U001,2865508.03,3603998.27,42078530.370000005,2473558.557142857,2598435.797333333,740047.8804414859,785051.5547991965,2605915.042857143,2838606.236666667,1.0924288526119486,-926495.3999999166,-7205113.179999948,0.539793086455878,1,6,0
2019-06-12,U001,3396912.72,3390071.72,42085371.370000005,2475595.9185714284,2609292.6810000003,742981.5645015431,794016.1933191096,2643664.7942857146,2794990.560666667,1.0711678996453164,-1176482.1299999356,-5570936.389999926,0.5376344794696235,2,6,0
2019-06-13,U001,2444344.84,2846229.31,41683486.899999976,2431725.5700000003,2599161.853333333,732978.5754014945,794120.7221488219,2672420.89,2780840.1273333333,1.0698987920921523,-1684867.23999995,-5450348.219999969,0.5345760063196575,3,6,0
2019-06-14,U001,3205825.6,2789838.03,42099474.47000003,2477602.552857143,2591341.2003333336,774905.3406846734,786670.247913253,2596042.2957142857,2756903.735,1.0638906735420908,-829078.1999999285,-4966876.039999902,0.5415403480970218,4,6,0
2019-06-15,U001,1958132.36,26582.4,44031024.43000007,2535709.228571429,2563203.386,706069.6985038493,793928.7734673426,2597613.0100000002,2668211.496,1.0409675293710774,-433326.4699999094,-3150243.2999998927,0.5726041180929274,5,6,1
2019-06-16,U001,1804521.32,0.0,45835545.75000006,2597166.34,2534907.7823333335,598690.5257214368,805644.093192291,2597613.0100000002,2513809.182666667,0.9916767782190302,-3126.689999938011,632957.9900000691,0.6027246969882448,6,6,1
2019-06-17,U001,2526425.65,5757030.61,42604940.79000002,2600238.645714286,2557803.8096666667,598193.219574784,794889.3918075031,2630535.762857143,2705710.203,1.0578255426684224,-212079.81999999285,-4437191.799999952,0.555228156136446,0,6,0
2019-06-18,U001,4548479.97,2865007.0,44288413.76000005,2840663.208571429,2663468.2956666667,954608.0684510744,842017.627343341,2524965.5814285716,2801210.4363333336,1.0517153295538626,2209883.3900000453,-4132264.2199999094,0.5542699573591714,1,6,0
2019-06-19,U001,4343050.86,2384804.55,46246660.07000005,2975825.8000000003,2696157.5613333336,1102083.7868525896,887874.0430568208,2381355.9857142856,2723853.7896666666,1.0102724813751747,4161288.7000000477,-830886.8499999046,0.5717601069665682,2,6,0
2019-06-20,U001,3830652.62,3925755.32,46151557.370000064,3173869.768571429,2703423.9050000003,1115141.1739025237,896483.6145778407,2535573.987142857,2719205.1263333336,1.0058374941880723,4468070.470000088,-473436.6399998665,0.5690506926499449,3,6,0
2019-06-21,U001,3082735.97,3170169.0,46064124.34000009,3156285.535714286,2697910.9566666665,1115523.7024046702,893522.0985751773,2589906.9828571426,2695195.2223333335,0.9989933936379098,3964649.8700000644,81472.0300001502,0.5691332427184502,4,6,0
2019-06-22,U001,2274583.14,31130.01,48307577.47000009,3201492.79,2682859.147,1064102.2033474545,896827.4249852232,2590556.6414285717,2598887.8079999997,0.9687008022415572,4276553.040000021,2519140.170000136,0.6002001946818329,5,6,1
2019-06-23,U001,1678906.35,0.0,49986483.82000011,3183547.794285714,2659176.434,1092273.3948202603,914059.7788681361,2590556.6414285717,2492585.144,0.9373522990539559,4150938.0700000525,4997738.700000167,0.62659104000368,6,6,1
2019-06-24,U001,2988460.06,4798070.21,48176873.670000136,3249552.7100000004,2671390.6273333333,1059411.8009113974,915992.502429191,2453562.2985714287,2639603.3479999998,0.9881008494197405,5571932.880000114,953618.380000174,0.6011459996036075,0,6,0
2019-06-25,U001,3672381.1,4724447.04,47124807.73000014,3124395.7285714285,2742865.2826666664,923403.3169096712,907325.172711997,2719196.59,2797084.9159999997,1.0197675159899287,2836393.970000088,-1626588.9999998212,0.5726956166094128,1,6,0
2019-06-26,U001,3396463.46,3024453.51,47496817.68000013,2989168.957142857,2820117.5346666668,772111.679878548,858091.0903310026,2810575.012857143,2897350.789,1.027386537399216,1250157.610000074,-2316997.6299998164,0.5614047062003531,2,6,0
2019-06-27,U001,3526067.51,3339305.87,47683579.32000011,2945656.7985714287,2825547.2373333336,723861.2692624014,862151.6230678844,2726796.52,2766480.9723333335,0.9790956370434829,1532021.9500000477,1771987.950000167,0.5625291352411016,3,6,0
2019-06-28,U001,3914338.31,3906279.35,47691638.28000009,3064457.132857143,2822963.126,812876.5136013645,858644.3520393299,2831955.141428571,2759993.892666667,0.9776939228311644,1627513.9399999976,1889077.0000001788,0.5631392281955024,4,6,0
2019-06-29,U001,1879851.25,16134.4,49555355.130000114,3008066.862857143,2793892.3333333335,887105.8273435414,875724.3493772233,2829812.9114285717,2647337.225,0.9475444681297072,1247777.6600000262,4396653.250000238,0.5912343690886694,5,6,1
2019-06-30,U001,1488282.27,0.0,51043637.400000095,2980834.8514285716,2730706.8133333335,936271.5913009595,899745.1507141682,2829812.9114285717,2472395.2243333333,0.9054048615769619,1057153.5799999833,7749347.6700001955,0.6230821162097085,6,6,1
2019-07-01,U001,2703381.09,6050203.03,47696815.4600001,2940109.284285714,2763743.0439999998,942066.8234662497,879018.6408468457,3008689.028571429,2673668.9653333337,0.9674086638183625,-480058.21000003815,2702222.360000193,0.5752683311562846,0,7,0
2019-07-02,U001,3208299.78,3855194.34,47049920.900000095,2873811.9528571432,2817960.773333333,897206.4214433298,853389.1448320493,2884510.0714285714,2802175.4433333334,0.9943983145012599,-74886.83000004292,473559.9000002146,0.5565480937520325,1,7,0
2019-07-03,U001,3181365.52,3759050.81,46472235.610000074,2843083.6757142856,2856755.0710000005,879838.1655836198,842126.8672071073,2989452.542857143,2769177.2113333335,0.9693435882705862,-1024582.0700000525,2627335.7900002003,0.542249679035692,2,7,0
2019-07-04,U001,1695082.76,0.0,48167318.370000064,2581514.4257142856,2802115.147,914439.8159958919,862994.7567817575,2512408.847142857,2630038.727,0.9385905250238455,483739.0499999523,5162292.600000143,0.5729876164150375,3,7,0
2019-07-05,U001,2679419.9899999998,5478794.61,45367943.75000006,2405097.522857143,2778674.1070000003,710927.3978603953,856206.2692662091,2737053.884285714,2708471.0986666665,0.9747350694503975,-2323694.530000031,2106090.250000119,0.5442397105356798,4,7,0
2019-07-06,U001,1446548.54,60577.22,46753915.07000005,2343197.1357142855,2735177.8156666667,779809.5376498905,890111.2861672946,2743402.858571429,2622325.7846666663,0.9587405139243227,-2801440.060000062,3385560.9300001264,0.5697851988781255,5,7,1
2019-07-07,U001,1632188.44,0.0,48386103.51000005,2363755.1599999997,2693427.873,755017.9910972038,911962.3757757879,2743402.858571429,2511509.5116666663,0.932458424761637,-2657533.8900000453,5457550.840000093,0.5988168954394725,6,7,1
2019-07-08,U001,2512206.11,7210172.93,43688136.69000006,2336444.4485714287,2725455.2223333335,744063.593697826,887001.8112082882,2909112.8442857144,2751329.0293333335,1.0094933891366042,-4008678.7700000405,-776214.2099999189,0.5343221972853585,0,7,0
2019-07-09,U001,3466087.56,4410477.06,42743747.19000006,2373271.274285714,2795180.7563333334,798775.3254630287,858899.0288059664,2988438.947142857,2898344.9313333337,1.0369078725110177,-4306173.710000038,-3094925.2499999404,0.5097314618282566,1,7,0
2019-07-10,U001,2602045.26,2797602.82,42548189.630000055,2290511.2371428567,2798418.2813333333,727968.49562776,857949.7210291985,2851089.2342857146,2807379.3140000002,1.003202177718192,-3924045.980000019,-268830.97999995947,0.5068123650875089,2,7,0
2019-07-11,U001,2725505.26,3504811.36,41768883.53000003,2437714.4514285713,2793751.522333333,690728.1192355048,857952.9748733154,3351776.5714285714,2804073.0836666664,1.003694516584894,-6398434.840000033,-309646.8399999738,0.4983607548977105,3,7,0
2019-07-12,U001,2849568.44,3463439.66,41155012.31,2462021.3728571427,2775506.713,703526.6358066399,850471.3056771159,3063868.7214285717,2806518.681666666,1.0111734439413933,-4212931.440000057,-930359.0600000024,0.49426424992641216,4,7,0
2019-07-13,U001,2227644.94,6349.04,43376308.20999998,2573606.5728571424,2768283.3830000004,563661.6602967732,854292.6263757874,3056121.8385714283,2711856.006,0.9796164737517409,-3377606.860000074,1692821.3100000024,0.5223009137043007,5,7,1
2019-07-14,U001,1015659.94,0.0,44391968.149999976,2485531.0728571424,2695277.861,751987.9606514131,907535.7389550945,3056121.8385714283,2618861.4050000003,0.9716480229716844,-3994135.360000074,2292493.6799999475,0.5490091738139595,6,7,1
2019-07-15,U001,3117240.69,5167165.88,42342042.95999998,2571964.584285714,2733914.805333333,789405.4278682481,899710.6267042665,2764263.6885714284,2790214.1876666667,1.020592954185516,-1346093.7300000787,-1688981.4700000882,0.5162565524158365,0,7,0
2019-07-16,U001,2389198.38,3089938.83,41641302.50999999,2418123.272857143,2753404.040666667,684013.0509599851,885098.0736001685,2575615.37,2893212.1486666664,1.050776459224687,-1102444.6800000668,-4194243.240000069,0.5041190455520361,1,7,0
2019-07-17,U001,3648616.92,3294187.7,41995731.73000002,2567633.5100000002,2790810.416333333,829764.7522573563,898782.1107996417,2646556.067142857,2811117.385,1.007276369812804,-552457.9000000358,-609209.0600000024,0.5015954205060326,2,7,0
2019-07-18,U001,3014976.66,3063249.65,41947458.74000007,2608986.567142857,2739693.639333333,845998.3393985578,836844.0240343299,2583475.822857143,2817725.4733333336,1.0284819561135268,178575.21000003815,-2340955.019999981,0.5103667813773929,3,7,0
2019-07-19,U001,2635511.55,2400279.24,42182691.05000007,2578407.0114285713,2682775.6623333334,839698.0919915052,780182.1083567138,2431595.762857143,2818241.2963333335,1.050494581377773,1027678.7400000691,-4063969.019999981,0.524117510609787,4,7,0
2019-07-20,U001,1497255.19,763.78,43679182.4600001,2474065.618571428,2604995.748,930967.4771035174,778109.6760732613,2430797.868571429,2687408.2449999996,1.0316363268781812,302874.2500001192,-2472374.9099999666,0.558915595077075,5,7,1
2019-07-21,U001,776810.97,0.0,44455993.43000013,2439944.3371428573,2528131.581333333,995471.3327891945,840668.1708563876,2430797.868571429,2581735.945,1.021203154164308,64025.280000150204,-1608130.9099999666,0.5861508390655586,6,7,1
2019-07-22,U001,3263754.57,5376623.45,42343124.55000013,2460874.8914285717,2561103.962333333,1013463.1534066884,849730.2870937372,2460720.3785714284,2759919.0596666667,1.0776286711735827,1081.590000152588,-5964452.919999957,0.5511051116074541,0,7,0
2019-07-23,U001,2598208.17,3669776.44,41271556.28000015,2490733.432857143,2591747.356333333,1014078.1987858962,833235.0504669364,2543554.322857143,2882244.941,1.1120856104885344,-369746.22999984026,-8714927.539999962,0.5308073486811482,1,7,0
2019-07-24,U001,3380918.37,2630673.36,42021801.29000008,2452490.782857143,2604829.3,967094.0242191087,842705.3035954834,2448766.56,2809998.379333333,1.0787648846445843,26069.56000006199,-6155072.380000055,0.5377422273569594,2,7,0
2019-07-25,U001,3033013.77,3228385.47,41826429.59000003,2455067.512857143,2583517.055666667,968864.903717705,822621.1969074297,2472357.3914285717,2760129.6603333335,1.0683613078068466,-121029.15000003576,-5298378.140000105,0.5396574861422373,3,7,0
2019-07-26,U001,3330231.67,3623211.61,41533449.649999976,2554313.2442857143,2581309.3293333333,1024418.4899163613,820450.2130709018,2647062.0157142854,2780088.2636666666,1.0770070181339604,-649241.4000000954,-5963368.03000015,0.5363356905482626,4,7,0
2019-07-27,U001,1461879.71,33615.54,42961713.81999999,2549259.604285714,2512503.069333333,1030571.0372293636,825029.6467392722,2651755.124285714,2669898.586,1.062644905229282,-717468.6400001049,-4721865.500000119,0.5699722897108,5,7,1
2019-07-28,U001,1367914.65,0.0,44329628.46999997,2633702.987142857,2427622.2806666666,873360.074857687,806617.9239336491,2651755.124285714,2539689.2743333336,1.0461632744760816,-126364.96000015736,-3362009.8100001216,0.608683770165243,6,7,1
2019-07-29,U001,2443500.84,4866715.83,41906413.48000002,2516523.882857143,2446410.6003333335,828617.5419014798,799955.8345363102,2578911.1785714286,2701375.3219999997,1.1042199218855275,-436711.07000011206,-7648941.650000095,0.5709918233443737,0,7,0
2019-07-30,U001,2620367.59,3640502.45,40886278.620000064,2519689.5142857144,2484146.7776666665,829023.8465279359,779643.6264470655,2574729.18,2822725.4036666667,1.1362957410745365,-385277.66000008583,-10157358.780000031,0.5486293991372513,1,7,0
2019-07-31,U001,3382661.76,2046036.27,42222904.110000074,2519938.57,2506789.466666667,829325.9059248888,795924.231629279,2491209.595714286,2689253.178333333,1.0727878085068279,201102.81999999285,-5473911.350000024,0.5614472837527491,2,7,0
2019-08-01,U001,2723586.18,3237185.56,41709304.73000002,2475734.6285714284,2490632.3466666667,805319.5037341552,786051.2094343595,2492466.7514285715,2668652.885666667,1.0714760407083983,-117124.8600000143,-5340616.170000076,0.5582157316503924,3,8,0
2019-08-02,U001,2958244.2600000002,4826513.91,39841035.07999998,2422593.57,2483194.971333333,749902.1674454466,780325.0374912526,2664367.0800000005,2704234.989,1.0890143626329838,-1692414.5699999928,-6631200.530000091,0.5348087918982809,4,8,0
2019-08-03,U001,1188107.47,26845.45,41002297.100000024,2383483.25,2466295.7950000004,812854.7486912886,803137.6202243809,2663399.9242857145,2705129.8373333337,1.0968391718534043,-1959416.719999969,-7165021.2700000405,0.5541684170396387,5,8,1
2019-08-04,U001,1536499.77,0.0,42538796.870000005,2407566.838571429,2428198.4543333333,779565.9427140071,819617.8162812988,2663399.9242857145,2522503.3503333335,1.0388373923192749,-1790831.5999999642,-2829146.880000055,0.5839555218957466,6,8,1
2019-08-05,U001,2715786.86,4540615.29,40713968.44,2446464.8414285714,2470506.3983333334,788400.8393582024,799715.4504982738,2616814.132857143,2671837.952666667,1.0814940428687643,-1192445.0400000215,-6039946.630000055,0.549333643599907,0,8,0
2019-08-06,U001,3395332.46,3272062.0100000002,40837238.890000045,2557174.1085714283,2529277.8656666665,867349.1319145804,800769.0901209817,2564179.7842857144,2780906.6863333336,1.0994864281549954,-49039.73000001907,-7548864.620000005,0.5381936539323405,1,8,0
2019-08-07,U001,3274400.41,2942677.9,41168961.400000036,2541708.2014285713,2554684.3423333336,850987.3133221442,812218.2147894311,2692271.445714286,2638656.852,1.0328700138311293,-1053942.7100000381,-2519175.2900000215,0.5371695792678397,2,8,0
2019-08-08,U001,3015302.11,2998129.17,41186134.34000003,2583381.9057142856,2539658.160666667,868344.3203741171,798835.2241143495,2658120.532857143,2591578.589,1.0204438649017644,-523170.3899999857,-1557612.8500000238,0.5405732023030554,3,8,0
2019-08-09,U001,3151067.29,2908283.94,41428917.68999994,2610928.0528571424,2557958.895,885114.3552925803,806565.1994990131,2384087.68,2595267.959666667,1.0145854824874607,1587882.6099999547,-1119271.9400001168,0.5398694739385161,4,8,0
2019-08-10,U001,1905109.6,3439.4,43330587.889999986,2713356.9285714286,2530612.373,718897.7775039896,814556.8005815524,2380743.958571429,2478555.5609999998,0.9794291640413156,2328290.789999962,1561704.3599999547,0.5707523384762437,5,8,1
2019-08-11,U001,840915.97,0.0,44171503.860000014,2613987.814285714,2463657.290666667,926715.248655041,868221.1725600149,2380743.958571429,2363107.5723333335,0.9591868078753257,1632706.9900000095,3016491.550000012,0.5976413471053731,6,8,1
2019-08-12,U001,3571229.43,4966448.49,42776284.79999995,2736193.8957142862,2508443.4403333333,996177.284533122,890007.2136101382,2441577.272857143,2528444.220666667,1.0079733830198203,2062316.3599999547,-600023.4100000262,0.568430659855947,0,8,0
2019-08-13,U001,3882594.29,3184214.75,43474664.339999914,2805802.728571429,2604007.918666667,1064586.5851060348,878030.3832081504,2429027.6642857143,2634584.7123333337,1.0117422045637723,2637425.449999869,-917303.810000062,0.5565096279515194,1,8,0
2019-08-14,U001,3416618.88,2445688.58,44445594.63999987,2826119.652857143,2613987.191666667,1076312.4333455358,885732.2001575722,2358029.1900000004,2543868.8023333335,0.9731756951384961,3276633.2399998307,2103551.679999888,0.5667662894662917,2,8,0
2019-08-15,U001,3406815.88,2489675.07,45362735.44999981,2882050.1914285715,2647907.775,1097740.957235831,896249.9174523476,2285392.8899999997,2523860.0103333336,0.9531525358104035,4176601.109999776,3721432.939999819,0.5710513016891837,3,8,0
2019-08-16,U001,2928584.42,3496984.89,44794334.97999978,2850266.9242857145,2623906.691666667,1091858.9086027602,877982.2586298316,2369493.0257142857,2530619.9166666665,0.9644473733398097,3365417.2899998426,2798603.2499997616,0.569053962198977,4,8,0
2019-08-17,U001,2161632.61,79480.15,46876487.43999982,2886913.068571429,2595461.89,1058649.259646069,878698.5076253269,2380355.9899999998,2431160.933333333,0.9366968333075132,3545899.549999833,4929028.69999975,0.602031410036742,5,8,1
2019-08-18,U001,1949720.92,0.0,48826208.359999776,3045313.7757142857,2572602.202333333,734962.4749505615,886506.5380323743,2380355.9899999998,2351151.6253333334,0.9139196192869828,4654704.499999762,6643517.309999704,0.6326435844572048,6,8,1
2019-08-19,U001,3495529.67,5148844.6899999995,47172893.339999676,3034499.5242857146,2639211.3516666666,726441.9542445359,877952.986873488,2406412.5900000003,2522754.3223333335,0.9558743072017365,4396608.539999723,3493710.879999578,0.5957953223439256,0,8,0
2019-08-20,U001,3169649.83,3908002.55,46434540.61999977,2932650.3157142852,2718972.647,631492.349098024,808899.1207362651,2509810.847142857,2653021.074,0.9757439365663468,2959876.279999852,1978547.18999964,0.5692657564519659,1,8,0
2019-08-21,U001,2608907.85,2170319.11,46873129.359999776,2817263.0257142857,2697144.423,601398.3078142743,802501.4472718808,2470472.351428571,2546144.2626666664,0.9440148035656993,2427534.7199999094,4530004.809999645,0.5792932821874797,2,8,0
2019-08-22,U001,2874270.6,3691550.21,46055849.74999976,2741185.128571429,2706346.504,545472.5655100963,802910.5151520348,2642168.8000000003,2546870.055,0.9410731594183182,693114.2999999523,4784293.469999611,0.5672573668588369,3,8,0
2019-08-23,U001,4326003.1,4065982.13,46315870.71999979,2940816.368571428,2737849.328333333,814739.5291945002,847588.0793056005,2723454.12,2594713.680666667,0.9477196768334215,1521535.7400000095,4294069.429999709,0.5638960264746027,4,8,0
2019-08-24,U001,2950242.52,27916.74,49238196.49999976,3053474.927142857,2735090.286666667,740148.7316260559,846728.4192736131,2716087.9185714284,2488031.3896666667,0.9096706612559039,2361709.059999943,7411766.909999728,0.6000800868138527,5,8,1
2019-08-25,U001,1292495.78,0.0,50530692.27999973,2959585.6214285716,2667165.7569999998,922676.2799831678,878478.2072299008,2716087.9185714284,2367257.669333333,0.8875555121088538,1704483.919999957,8997242.629999757,0.6315154597769997,6,8,1
2019-08-26,U001,3726300.55,5628141.3,48628851.52999973,2992552.8899999997,2742646.4516666667,948770.8696674512,868572.4882577069,2784558.862857143,2553741.8613333334,0.9311232440409741,1455958.1900000572,5667137.70999974,0.5910210252151249,0,8,0
2019-08-27,U001,3156752.6,3973900.48,47811703.64999974,2990710.4285714286,2802274.3833333333,948382.0814713077,831555.6365137489,2793972.8528571427,2686205.2106666663,0.9585803683761326,1377163.0299999714,3482075.1799997687,0.5687249844193492,1,8,0
2019-08-28,U001,3954829.6,3702480.95,48064052.299999714,3182984.964285714,2852652.008666666,993439.9430647026,854533.2753142283,3012853.1157142855,2647397.3813333334,0.9280477861618777,1190922.939999938,6157638.819999695,0.561630045234819,2,8,0
2019-08-29,U001,3918471.02,4068008.74,47914514.579999685,3332156.452857143,2895922.123,1017464.8045734306,874986.3342753589,3066632.9057142856,2661647.5909999995,0.9191019226175509,1858664.8299999237,7028235.959999621,0.551517070612879,3,8,0
2019-08-30,U001,3583283.56,4960222.51,46537575.62999964,3226053.661428571,2902609.5163333337,931659.5247850475,879589.247865362,3194381.5314285713,2758787.132333333,0.9504506606242781,221704.9099998474,4314671.519999564,0.5344337611624653,4,8,0
2019-08-31,U001,1976326.91,1251.07,48512651.46999955,3086922.86,2877700.874,1045480.7768751816,895274.5100460433,3190572.15,2650922.649333333,0.9211946499667126,-725545.0300002098,6803346.739999533,0.5619376207387281,5,8,1
2019-09-01,U001,1032274.32,0.0,49544925.789999604,3049748.3657142855,2813501.876,1121763.403842526,956275.8870178438,3190572.15,2490038.852333333,0.8850318791588867,-985766.4900001287,9703890.70999962,0.5869900213755251,6,9,1
2019-09-02,U001,1778326.02,0.0,51323251.809999585,2771466.2899999996,2833175.827666667,1166677.9284700593,927315.6241543973,2386551.964285714,2489144.0039999997,0.878570253103563,2694400.279999852,10320954.709999561,0.6038365298853589,0,9,0
2019-09-03,U001,2136062.6,7233717.84,46225596.569999576,2625653.432857143,2853161.2553333333,1174257.7028425378,904588.4808577648,2852240.1585714286,2730267.9319999996,0.956927312431566,-1586107.0800001621,3686799.699999571,0.5400512207712455,1,9,0
2019-09-04,U001,3619377.58,4139822.05,45705152.099999666,2577731.7157142856,2883280.946,1116392.2456292703,914841.782628296,2914717.458571429,2716908.1573333335,0.9422974063982641,-2358900.2000000477,4991183.659999669,0.5283928616507387,2,9,0
2019-09-05,U001,3171076.02,2617072.18,46259155.9399997,2470961.001428571,2875805.731333333,996047.6528070989,911423.3282795429,2707440.807142857,2695075.163,0.9371548062637945,-1655358.6399999857,5421917.049999654,0.5361877709144629,3,9,0
2019-09-06,U001,3586162.09,2969308.58,46876009.44999969,2471372.2199999997,2886197.7873333334,996583.862495124,917879.3138727949,2423024.5314285713,2695962.852333333,0.9340880462749694,338433.82000005245,5707048.049999654,0.5413813478725609,4,9,0
2019-09-07,U001,1674386.89,0.0,48550396.339999676,2428237.931428571,2841500.613333333,1027632.2428478063,943662.2206556384,2422845.807142857,2596025.213333333,0.9136106468363434,37744.87000012398,7364261.999999642,0.5695393965684179,5,9,1
2019-09-08,U001,1277270.55,0.0,49827666.88999963,2463237.3928571427,2779040.722,974987.6009314413,983631.5583882461,2422845.807142857,2499082.415333333,0.8992608116713063,282741.10000002384,8398749.19999969,0.5976602705092187,6,9,1
2019-09-09,U001,3004905.94,5257027.33,47575545.49999964,2638463.095714286,2815700.6,941008.1322286405,970341.9469820431,3173849.7114285715,2674202.013,0.9497465792350224,-3747706.309999943,4244957.609999657,0.5632173806642137,0,9,0
2019-09-10,U001,3476670.78,5023433.81,46028782.46999967,2829978.55,2903559.093666666,957985.4303704557,902312.6441271071,2858094.85,2841649.8066666666,0.9786781377602963,-196814.09999990463,1857278.6099996567,0.5284179517291852,1,9,0
2019-09-11,U001,3374520.19,3641621.18,45761681.47999978,2794998.922857143,2897002.119,928370.1002057298,897997.8877084162,2786923.2971428568,2797488.8963333336,0.965649585820456,56529.38000011444,2985396.6799998283,0.5265406513382876,2,9,0
2019-09-12,U001,3352715.9,3571364.7,45543032.67999971,2820947.477142857,2879339.5059999996,943055.9553076474,883030.2464701276,2923250.8000000003,2810393.894666666,0.9760550601310947,-716123.2599999905,2068368.339999795,0.527239349916843,3,9,0
2019-09-13,U001,3026263.64,3724852.85,44844443.46999967,2740961.9842857146,2866327.6646666666,889564.0110539541,877700.1373933929,3031185.695714286,2853032.7036666665,0.9953616743947709,-2031565.980000019,398848.8299998045,0.5215086888913514,4,9,0
2019-09-14,U001,1700467.24,0.0,46544910.70999968,2744687.7485714285,2809449.3766666665,884391.9276800136,896553.116563008,3031185.695714286,2770043.5346666668,0.9859738202342149,-2005485.6299999952,1182175.2599998713,0.5522423847720168,5,9,1
2019-09-15,U001,1384219.04,0.0,47929129.74999964,2759966.1042857138,2757970.5306666666,855260.4248355085,933070.6341335031,3031185.695714286,2653477.371666667,0.962112300389685,-1898537.1399999857,3134794.7699998617,0.5792801774234819,6,9,1
2019-09-16,U001,3317327.56,5104362.0,46142095.309999585,2804597.7642857144,2796493.6956666666,878021.8998231763,931456.8452731059,3009376.362857143,2820973.433333333,1.0087537253184584,-1433450.1900000572,-734392.1300002337,0.5499993960472657,0,9,0
2019-09-17,U001,3195777.59,2963756.27,46374116.62999964,2764470.165714286,2838028.918,848096.1706315505,920108.5400255974,2715136.714285714,2919765.309,1.0288004080866098,345334.1599999666,-2452091.7300001383,0.5446751715116437,1,9,0
2019-09-18,U001,4764678.48,3033292.18,48105502.92999971,2963064.207142857,2880333.878333333,1130501.2017691939,978693.2181657113,2628232.5714285714,2849246.892,0.9892071587369861,2343821.4499999285,932609.5900000334,0.5567121146598384,2,9,0
2019-09-19,U001,3479778.52,2479156.62,49106124.829999685,2981216.0100000002,2890671.5013333336,1138790.0470049917,983480.7329122439,2472202.845714286,2801618.694333333,0.9691930380332305,3563092.149999976,2671584.209999919,0.5662597174779781,3,9,0
2019-09-20,U001,3627867.4299999997,3221465.74,49512526.51999962,3067159.4085714286,2924636.820666666,1165152.4594560666,990980.9490981055,2400290.4014285714,2836656.9153333334,0.9699176647467367,4668083.049999952,2639397.1599998474,0.5643153840518372,4,9,0
2019-09-21,U001,1477595.78,23271.9,50966850.39999962,3035320.6285714284,2878080.993333333,1210870.9408877701,1025630.5321894089,2403614.958571429,2714380.971666666,0.9431218155271326,4421939.689999938,4911000.649999857,0.5902874232061468,5,9,1
2019-09-22,U001,2006596.63,0.0,52973447.029999614,3124231.7128571426,2800767.444333333,1085821.5749690998,999815.6156047488,2403614.958571429,2578848.2339999997,0.9207648565101924,5044317.279999971,6657576.309999824,0.6304634721598468,6,9,1
2019-09-23,U001,3081713.62,5241245.69,50813914.95999956,3090572.5785714285,2805149.814333333,1082484.9634675921,1000781.0482814057,2423169.771428571,2752625.8656666665,0.9812758846610304,4671819.649999976,1575718.4599997997,0.6038170070912464,0,9,0
2019-09-24,U001,3410829.86,3835698.9699999997,50389045.84999955,3121294.3314285716,2875760.9503333336,1089000.4611254479,964444.928902652,2547733.0142857144,2880482.4980000006,1.0016418428889646,4014929.2199999094,-141646.43000018597,0.5840662317471008,1,9,0
2019-09-25,U001,3316477.81,3887454.78,49818068.87999952,2914408.521428571,2862100.192333333,831996.0925253355,954836.7229299843,2669756.242857143,2822459.614,0.9861498285631237,1712565.9499998093,1189217.3499997854,0.5802041104110246,2,9,0
2019-09-26,U001,3609575.9,2854700.88,50572943.8999995,2932951.0042857146,2877194.302333333,847989.0595910049,963197.7414289616,2723405.422857143,2785152.9606666667,0.9680100361689083,1466819.069999814,2761240.2499997616,0.5859057886009077,3,9,0
2019-09-27,U001,3899837.98,5260655.74,49212126.13999951,2971803.9400000004,2875361.2483333335,890309.6279665189,961126.2832417911,3014718.2800000003,2837092.1203333335,0.9866906712948913,-300400.38000011444,1148073.839999795,0.5705036908379737,4,9,0
2019-09-28,U001,1400417.39,65651.69,50546891.83999944,2960778.455714286,2791426.1273333333,912108.7414049073,976714.6989495185,3020772.535714286,2703680.2186666667,0.9685659212660266,-419958.5600001812,2632377.259999752,0.6035969851282578,5,9,1
2019-09-29,U001,965777.14,0.0,51512668.97999942,2812089.957142857,2704175.913333333,1147930.2782841956,1019512.2993485798,3020772.535714286,2538339.4683333333,0.938673943443428,-1460778.0500001907,4975093.349999785,0.6349767992287867,6,9,1
2019-09-30,U001,2435878.86,4087051.44,49861496.39999938,2719827.848571428,2719494.3116666665,1148601.7104944314,1011620.9945960387,2855887.6428571427,2674532.8140000002,0.9834669638859765,-952418.5600001812,1348844.9299998283,0.6111613739619765,0,9,0
2019-10-01,U001,3191592.18,4278159.42,48774929.15999937,2688508.18,2791471.573666667,1129448.7364225043,963089.0919896066,2919096.2785714283,2817138.128,1.0091946321701637,-1614116.6900001764,-769996.6300002337,0.5824279162780117,1,10,0
2019-10-02,U001,3784256.64,2552691.62,50006494.17999935,2755333.727142857,2858335.9276666665,1185255.6647106272,959951.6940812862,2728415.827142857,2902227.848666667,1.0153557601733083,188425.2999998331,-1316757.6300002337,0.5831655835827636,2,10,0
2019-10-03,U001,2980561.66,3567738.39,49419317.44999933,2665474.5500000003,2886485.8963333336,1132361.9249313697,950375.5726176982,2830278.3285714285,2780028.533666667,0.9631186964045457,-1153626.450000167,3193720.879999757,0.5706976028392179,3,10,0
2019-10-04,U001,2166242.91,4493769.86,47091790.499999285,2417818.1114285714,2838048.074,999141.6604849908,948763.8273441857,2720723.2028571432,2791826.794,0.9837137078742805,-2120335.640000224,1386638.3999996185,0.5531006907108424,4,10,0
2019-10-05,U001,1578782.54,51663.6,48618909.43999922,2443298.847142857,2784971.624666667,970741.6351439354,973701.788064412,2718724.904285714,2706313.1746666664,0.9717561036158079,-1927982.4000002146,2359753.499999523,0.5819198660096272,5,10,1
2019-10-06,U001,2331854.44,0.0,50950763.87999928,2638452.7471428574,2743161.3696666667,732210.133911948,965003.5927915861,2718724.904285714,2607336.222,0.950485906819557,-561905.100000143,4074754.42999959,0.6191246401980175,6,10,1
2019-10-07,U001,2908576.39,5651689.86,48207650.40999925,2705980.965714286,2784301.0196666666,732211.2925668315,943946.8717775648,2942244.6785714286,2795725.884,1.0041033150699707,-1653845.9900001287,-342745.9300004244,0.5771364766176349,0,10,0
2019-10-08,U001,2728959.65,3608877.67,47327732.38999927,2639890.604285714,2832690.6563333333,701300.5156076686,900224.3078334411,2846633.0,2916021.8063333333,1.0294176668439556,-1447196.7700001001,-2499934.5000003576,0.5569231769587909,1,10,0
2019-10-09,U001,2677170.16,3602347.19,46402555.35999918,2481735.3928571427,2821766.1303333337,494580.4829033087,900050.9275018905,2996583.7957142857,2860865.8016666668,1.0138564535568773,-3603938.8200001717,-1172990.1400004625,0.5481502625983355,2,10,0
2019-10-10,U001,3182021.73,3904852.94,45679724.14999914,2510515.402857143,2811944.4953333335,532828.0540007409,894246.910135646,3044743.0171428574,2823579.772666667,1.004137804765579,-3739593.3000001907,-349058.3200005293,0.5414962756888057,3,10,0
2019-10-11,U001,3092884.58,3607159.98,45165448.749999166,2642892.7842857144,2802556.6416666666,547935.2641404611,889603.5637289111,2918084.4628571426,2822431.0659999996,1.0070915335083162,-1926341.7500001192,-596232.7300006151,0.537193409742464,4,10,0
2019-10-12,U001,1956680.84,0.0,47122129.5899992,2696878.255714286,2756022.1396666667,431963.2555247179,896320.2049337111,2910703.9485714287,2703385.576,0.9809012551426627,-1496779.8500000238,1579096.9099994898,0.569929257966683,5,10,1
2019-10-13,U001,1727875.71,0.0,48850005.29999924,2610595.5799999996,2712742.5420000004,558743.2581851763,913994.0445084049,2910703.9485714287,2579223.814333333,0.9507809069237256,-2100758.580000043,4005561.829999566,0.6002536122722015,6,10,1
2019-10-14,U001,2533302.13,172922.35,51210385.07999921,2556984.971428571,2740503.705,543173.8831824758,894630.4457186218,2128022.8757142858,2584987.892666667,0.9432528363126831,3002734.669999957,4665474.369999528,0.6228828783867576,0,10,0
2019-10-15,U001,3275922.52,6883539.59,47602768.009999156,2635122.5242857146,2803560.4876666665,607561.3511873786,861802.9592687727,2595831.7214285717,2814439.2123333337,1.0038803245781656,275035.61999988556,-326361.7400004864,0.5659799175537883,1,10,0
2019-10-16,U001,3702929.77,4728748.43,46576949.34999919,2781659.6114285714,2816413.8946666666,730629.5524765335,872538.4701878249,2756746.1842857143,2801918.76,0.9948533364736923,174393.99000000954,434854.0399996042,0.5512559717424126,2,10,0
2019-10-17,U001,3734098.3,2705565.18,47605482.469999194,2860527.692857143,2834357.9183333335,806869.0173891755,886040.1308664283,2585419.3614285714,2793312.3903333335,0.9855185798044394,1925758.3200000525,1231365.8399995565,0.5598620433229348,3,10,0
2019-10-18,U001,3583226.72,2956501.26,48232207.92999923,2930576.5700000003,2794976.1930000004,850507.8788429026,821165.8174830964,2492468.1157142855,2790752.6929999995,0.998488895894506,3066759.1800000668,126704.99999952316,0.5752250299519126,4,10,0
2019-10-19,U001,1685632.34,53235.72,49864604.54999924,2891855.3557142853,2735171.320333333,906559.4140936439,834792.4905805729,2500073.218571428,2709888.663,0.9907564629881203,2742474.960000038,758479.7199995518,0.6076962977212736,5,10,1
2019-10-20,U001,1897955.58,0.0,51762560.12999928,2916152.48,2677507.592,871775.5372876215,830740.1612988561,2500073.218571428,2602506.471666666,0.9719884565192547,2912554.830000043,2250033.6099996567,0.6444122422491999,6,10,1
2019-10-21,U001,2599235.22,4244712.8,50117082.549999356,2925571.492857143,2714895.5733333332,867294.323268932,799528.948074116,3081757.568571429,2743221.1683333335,1.0104334012984602,-1093302.5299998522,-849767.8500002623,0.6153346871762718,0,10,0
2019-10-22,U001,3591514.2199999997,4558033.97,49150562.799999356,2970656.021428571,2767726.1596666668,896260.9580590854,803466.4200959755,2749542.48,2895155.6340000005,1.0460412146946938,1547794.7900002003,-3822884.2300002575,0.5919487690684789,1,10,0
2019-10-23,U001,4661235.88,3546062.67,50265736.009999394,3107556.894285714,2820376.9016666664,1080921.2661801605,873455.6474772895,2580587.3714285716,2838649.533333333,1.006478790709096,3688786.660000205,-548178.9500001669,0.5940782356700327,2,10,0
2019-10-24,U001,3263479.63,2669348.99,50859866.64999938,3040325.655714286,2815465.227333333,1049639.7947583725,870429.9348042841,2575413.63,2799771.2006666665,0.9944257785483178,3254384.180000186,470820.7999998331,0.6021487574680661,3,10,0
2019-10-25,U001,2723037.08,3505250.31,50077653.41999948,2917441.4214285715,2795683.8696666667,1025563.9848287331,865379.9277613187,2653806.3514285716,2787031.051666667,0.9969049368943738,1845445.490000248,259584.53999996185,0.5970829291936396,4,10,0
2019-10-26,U001,3217560.18,138028.6,53157184.999999404,3136288.2557142857,2782616.679,870646.2178448369,855570.5295866078,2665919.62,2696475.309,0.9690430339722691,3292580.450000167,2584241.0999999046,0.636776951722802,5,10,1
2019-10-27,U001,1160877.84,0.0,54318062.83999944,3030991.435714286,2691318.007666667,1067654.405112841,878082.0990347348,2665919.62,2521120.117666667,0.9367603941581176,2555502.7100001574,5105936.6999999285,0.6727566528774551,6,10,1
2019-10-28,U001,2755702.4899999998,5151184.16,51922581.16999948,3053343.902857143,2736494.1776666665,1058709.0186365405,843562.0569431218,2795415.528571429,2690637.8666666667,0.9832426791278247,1805498.620000124,1375689.330000043,0.6324708160506355,0,10,0
2019-10-29,U001,2369482.56,3763939.14,50528124.58999944,2878767.9514285713,2783284.3583333334,1055926.9563701283,778368.9942110366,2681973.41,2816102.5046666665,1.0117911582534043,1377561.790000081,-984544.3899999857,0.605137888489127,1,10,0
2019-10-30,U001,3447352.89,2905418.84,51070058.63999939,2705356.095714286,2817000.1593333334,777333.6517870097,784682.7652578718,2590452.862857143,2776714.7513333336,0.9856991814975496,804322.6299999952,1208562.2400000095,0.6043078422838469,2,10,0
2019-10-31,U001,2277062.2,3743294.17,49603826.66999948,2564439.3200000003,2786515.8266666667,748155.1371030115,787388.0698238609,2743873.6028571427,2758885.9096666668,0.990084421292144,-1256039.9799998999,828897.5100001097,0.5933793281116633,3,10,0
2019-11-01,U001,2664931.33,4753141.39,47515616.60999954,2556138.498571429,2749204.983,746422.5483580391,764671.4933633263,2922143.7571428567,2832234.2353333333,1.0302011864690896,-2562036.809999943,-2490877.569999814,0.5761134207139565,4,11,0
2019-11-02,U001,1926828.71,5678.23,49436767.08999956,2371748.2885714285,2714080.551333333,714543.4027760882,777766.8594369967,2903236.5614285716,2713498.8966666665,0.999785689976526,-3720417.9099998474,17449.640000224113,0.607164085650946,5,11,1
2019-11-03,U001,1767034.46,0.0,51203801.549999595,2458342.0914285714,2700773.603,564271.7742208517,790769.4923986879,2903236.5614285716,2563706.5679999995,0.9492489726470418,-3114261.2899998426,4112011.05000031,0.6319646278770248,6,11,1
2019-11-04,U001,3077614.7,5316370.28,48965045.96999967,2504329.5500000003,2750734.675,604247.0857413344,764344.1479491781,2926834.5785714285,2739196.790666667,0.9958055262696925,-2957535.1999998093,346136.5300004482,0.5933571906567067,0,11,0
2019-11-05,U001,3025535.87,3909498.98,48081082.85999966,2598051.4514285713,2773857.389333333,630168.3634031907,761723.3764928876,2947628.8414285714,2869513.4233333333,1.0344848420714918,-2447041.7299997807,-2869681.0199996233,0.5777884501788252,1,11,0
2019-11-06,U001,3739867.87,2975865.45,48845085.279999614,2639839.305714286,2801567.1053333334,701531.8030572679,781652.6425679261,2957692.6428571427,2780319.2763333335,0.9924157344082352,-2224973.359999776,637434.8700003624,0.5811638444189968,2,11,0
2019-11-07,U001,2865029.55,3414490.86,48295623.96999955,2723834.6414285717,2806102.768666667,685881.2004693202,781611.5806554391,2910720.7414285718,2773839.716,0.9885025405958326,-1308202.6999999285,967891.5800002813,0.5736974961534457,3,11,0
2019-11-08,U001,3007502.09,4511551.68,46791574.37999964,2772773.3214285714,2817113.8329999996,693160.730209113,782059.262027115,2876207.9257142856,2804146.5323333335,0.9953969553822192,-724042.2299998999,389019.02000045776,0.5536585450432482,4,11,0
2019-11-09,U001,1920765.18,0.0,48712339.559999585,2771907.1028571427,2775071.9480000003,694396.7552892489,795551.0240027051,2875396.75,2673984.767666667,0.9635731317142291,-724427.5299999714,3032615.4100004435,0.5851180374513252,5,11,1
2019-11-10,U001,2220155.63,0.0,50932495.18999958,2836638.698571428,2745980.9830000005,599784.7566125586,799475.6955514292,2875396.75,2553746.101666667,0.9299940959083717,-271306.3600000143,5767046.440000415,0.6182671512210733,6,11,1
2019-11-11,U001,3188206.61,146722.3,53973979.49999964,2852437.5428571426,2787031.842,608582.2136059502,789100.1825353508,2136875.61,2558636.845,0.9180508117782746,5008933.529999971,6851849.910000443,0.6455371707231424,0,11,0
2019-11-12,U001,3209047.23,8477161.9,48705864.829999685,2878653.4514285713,2836404.2260000003,621105.2494510625,766560.840668436,2789398.8842857145,2841208.908333333,1.0016939342739977,624781.9700000286,-144140.46999955177,0.5723897929584654,1,11,0
2019-11-13,U001,4732610.72,4051014.56,49387460.98999977,3020473.8585714283,2909714.5123333335,900861.2979747335,838375.8188586943,2942991.6142857145,2970478.6486666664,1.0208831952673616,542375.7100001574,-1822924.0899994373,0.5657767085701179,2,11,0
2019-11-14,U001,3626449.25,2091888.81,50922021.42999983,3129248.1014285716,2921398.736666667,924619.4586349261,846062.9132495545,2754048.464285714,2810756.9560000002,0.9621271210677288,2626397.4600002766,3319253.4200006723,0.5810232930647706,3,11,0
2019-11-15,U001,2074888.13,4516230.48,48480679.079999804,2996017.535714286,2867130.6819999996,1008474.6759575681,846418.2128550699,2754716.8642857145,2803673.0243333336,0.9778671903359492,1689104.700000167,1903729.7300006151,0.5636375928538836,4,11,0
2019-11-16,U001,3191098.52,98930.07,51572847.52999973,3177493.727142857,2849030.689333333,890082.46227144,832937.9651092982,2768849.7314285715,2716785.187333333,0.9535822823898941,2860507.970000148,3967365.060000539,0.6033964197377327,5,11,1
2019-11-17,U001,1726134.73,0.0,53298982.25999975,3106919.312857143,2787127.623,992350.9299086317,845406.9779634295,2768849.7314285715,2618235.1453333334,0.9394026752585967,2366487.0700001717,5066774.33000052,0.6374421922192659,6,11,1
2019-11-18,U001,3015655.98,4966111.85,51348526.38999975,3082269.2228571433,2831461.7443333333,992138.2792762563,820148.0882961365,3457333.9528571432,2781997.683,0.9825305563699293,-2625453.109999895,1483921.8400005102,0.6044996192368917,0,11,0
2019-11-19,U001,3280114.26,4112636.26,50516004.38999975,3092421.6557142856,2877533.700333333,994013.638706567,804573.5705503093,2833830.29,2919085.558333333,1.0144400943054765,1810139.560000062,-1246555.7399995327,0.5851770955123593,1,11,0
2019-11-20,U001,3815004.2800000003,3335019.83,50995988.839999676,2961335.021428571,2918059.3356666663,778887.906580778,820532.8695936423,2731545.3285714285,2888762.459333333,0.9899601505784187,1608527.8499999046,878906.2900003195,0.5825331493056499,2,11,0
2019-11-21,U001,3954890.27,3458664.02,51492215.089999676,3008255.167142857,2930171.870666667,833602.9051158425,833398.2574987797,2926798.93,2852116.7943333336,0.9733616047868298,570193.6599998474,2341652.2900003195,0.5857701341171303,3,11,0
2019-11-22,U001,4342055.2,3338374.41,52495895.87999976,3332136.177142857,2919532.5146666667,850776.0145557247,812307.5489173528,2758533.777142857,2845193.852333334,0.9745374775037159,4015216.7999999523,2230159.8700003624,0.5993641746441656,4,11,0
2019-11-23,U001,2032243.45,41875.83,54486263.49999976,3166585.452857143,2878491.308666667,984961.8560148942,825329.900920468,2750383.1714285715,2757611.4136666665,0.9580058155339741,2913415.9700000286,3626396.8500003815,0.6309585781499557,5,11,1
2019-11-24,U001,1527550.84,0.0,56013814.339999795,3138216.325714286,2838641.7673333334,1034955.8502955573,861176.9906912474,2750383.1714285715,2640769.7366666663,0.9302934125243457,2714832.080000043,5936160.920000315,0.6577537067738808,6,11,1
2019-11-25,U001,4545296.29,5637252.66,54921857.96999979,3356736.37,2882899.6376666664,1158835.44932231,913830.0640572689,2846260.4299999997,2824077.205333333,0.9795960873681533,3573331.580000043,1764672.9700003862,0.6350302920991486,0,11,0
2019-11-26,U001,4313554.75,4942012.24,54293400.47999978,3504370.725714286,2987988.868,1212054.5047762904,889935.6579244493,2964742.712857143,2988810.946666667,1.0002751277541464,3777396.0900000334,-24662.359999656677,0.6056849927996428,1,11,0
2019-11-27,U001,2886282.81,5876223.29,51303459.99999976,3371696.23,2992341.5453333333,1223163.8312932285,889079.290691291,3327771.7785714283,3012978.9176666667,1.006896730209664,307471.16000008583,-619121.1699997187,0.5714973733530897,2,11,0
2019-11-28,U001,1238987.69,981.17,52541466.51999986,2983710.1471428573,2954658.383,1421933.92802228,938948.299660892,2833817.0857142857,2887546.9853333333,0.9772862412613247,1049251.430000186,2013341.9300004244,0.5927528635493455,3,11,0
2019-11-29,U001,1793285.91,6634302.15,47700450.27999985,2619600.248571429,2899522.8170000003,1340109.0147233712,957401.9009496171,3304663.9057142856,3011843.095666667,1.0387375046708132,-4795445.599999905,-3369608.3599995375,0.5483712699244913,4,11,0
2019-11-30,U001,1704731.29,305208.85,49099972.71999979,2572812.7971428568,2880445.1199999996,1369429.7335818475,975759.3756501604,3342282.908571429,2897240.2516666665,1.005830741766282,-5386290.779999971,-503853.94999969006,0.5681989029991749,5,11,1
2019-12-01,U001,1081891.89,0.0,50181864.609999776,2509147.2328571426,2827677.1386666666,1434917.3167284555,1029159.3179127077,3342282.908571429,2738802.205333333,0.9685696319010307,-5831949.730000019,2666248.0000002384,0.5915558029804163,6,12,1
2019-12-02,U001,2734645.27,6907408.03,46009101.849999785,2250482.801428572,2854604.357333333,1139482.4556445824,1015250.4860234159,3523733.6757142856,2968859.8653333336,1.040024988999433,-8912756.120000005,-3427665.239999771,0.5372501882418457,0,12,0
2019-12-03,U001,3140346.35,4730293.9,44419154.29999983,2082881.6014285714,2900381.4203333333,829606.5065976166,995286.2515226979,3493488.1985714287,3126536.328666667,1.077974195651599,-9874246.179999948,-6784647.249999762,0.5104978491058239,1,12,0
2019-12-04,U001,3038634.19,3358088.65,44099699.839999914,2104646.084285714,2899082.07,855781.844705305,995072.3157777828,3133754.6785714286,3061260.2743333336,1.0559412256767653,-7203760.159999847,-4865346.129999757,0.5070535980606661,2,12,0
2019-12-05,U001,2915199.76,2845316.25,44169583.349999905,2344104.9514285713,2895404.199666667,806269.6361026394,994792.6817404141,3540088.2614285713,3025787.5166666666,1.0450311279561624,-8371883.169999957,-3911499.509999752,0.5085022136700283,3,12,0
2019-12-06,U001,3646794.21,5452546.71,42363830.849999905,2608891.8514285716,2892301.7443333333,894728.7603628153,992210.02382399,3371266.055714286,3108343.558666667,1.0746954617569235,-5336619.429999948,-6481254.429999709,0.4882366432778569,4,12,0
2019-12-07,U001,1931594.5,44862.26,44250563.089999914,2641300.881428571,2861187.242666667,859952.5464187758,1007610.9073932758,3334073.685714286,2996022.6053333334,1.0471256689027448,-4849409.629999876,-4045060.8799996376,0.5155268231560846,5,12,1
2019-12-08,U001,2653653.32,0.0,46904216.40999997,2865838.2285714285,2849392.283666667,524815.4169022214,1007910.1140651862,3334073.685714286,2845637.549333333,0.998682268371801,-3277648.1999998093,112642.03000032902,0.5487043287424841,6,12,1
2019-12-09,U001,2779516.38,5852988.6,43830744.18999994,2872248.387142857,2878017.3236666666,523217.5406624543,992707.0912202627,3183442.338571429,3040737.169333333,1.0565388694253437,-2178357.6599998474,-4881595.369999647,0.5076497609374877,0,12,0
2019-12-10,U001,3268533.53,4961109.06,42138168.65999997,2890560.841428571,2912963.253666667,536245.8304466635,987187.5421606594,3216415.9328571423,3206107.4713333338,1.1006343685584343,-2280985.6399998665,-8794326.529999614,0.4821913287893227,1,12,0
2019-12-11,U001,3912728.76,4241620.3,41809277.120000005,3015431.4942857143,2937113.9919999996,663213.1786001243,1002890.8641437317,3342634.7399999998,3342604.0713333334,1.138057317638264,-2290422.7199999094,-12164702.379999638,0.47449386522369164,2,12,0
2019-12-12,U001,3236867.64,3154539.7399999998,41891605.01999998,3061384.048571428,2938041.3389999997,666247.7550889612,1003163.8096455093,3386809.524285714,3165183.3326666667,1.0773106867665714,-2277978.3299999237,-6814259.809999704,0.4752781437974177,3,12,0
2019-12-13,U001,3866080.08,1732286.3800000001,44025398.72000003,3092710.6014285716,2909156.9843333336,702528.4813280011,961312.6568742293,2855343.762857143,3087892.393333333,1.0614389013595837,1661567.870000124,-5362062.2699997425,0.5044462359953962,4,12,0
2019-12-14,U001,1556045.75,0.0,45581444.47000003,3039060.7800000003,2840143.5343333334,811816.6607170056,982134.4600936142,2848934.868571428,3018162.766333333,1.0626796603227964,1330881.3800001144,-5340576.9599998,0.5349664423527026,5,12,1
2019-12-15,U001,1376601.57,0.0,46958046.04000008,2856624.8157142857,2816867.3156666667,1027661.5275260012,1008808.4574394347,2848934.868571428,2867621.750333333,1.0180180423779224,53829.63000011444,-1522633.0399997234,0.5556769367970336,6,12,1
2019-12-16,U001,2859115.91,4817413.27,44999748.68000007,2867996.177142857,2805801.2286666664,1027106.3423204779,1006379.6981947861,2700995.535714286,3024904.523666667,1.0780893859341987,1169004.4900001287,-6573098.849999666,0.5346036659123832,0,12,0
2019-12-17,U001,1123753.12,3994284.63,42129217.17000008,2561598.975714286,2785721.841666667,1194046.592241705,1034286.584864298,2562877.7600000002,3158047.344666667,1.1336549462444685,-8951.489999890327,-11169765.089999676,0.5041089235814804,1,12,0
2019-12-18,U001,618282.35,3210662.03,39536837.49000013,2090963.7742857146,2705809.387333333,1221674.3258531059,1106034.5084192972,2415598.007142857,3099532.3506666664,1.14551023629989,-2272439.629999876,-11811688.899999619,0.4870611319368783,2,12,0
2019-12-19,U001,496244.86,3100378.97,36932703.380000114,1699446.2342857143,2613013.7406666665,1232339.226019632,1171060.1744468294,2407860.7542857146,3065790.441,1.1732775810883471,-4958901.6399998665,-13583301.009999633,0.47113801718952253,3,12,0
2019-12-20,U001,1095622.54,5112468.78,32915857.140000105,1303666.585714286,2522367.682666667,783769.7290172834,1180024.394800047,2890743.9542857143,3125038.7393333334,1.238930692304747,-11109541.579999924,-18080131.69999957,0.4349862415141793,4,12,0
2019-12-21,U001,270055.44,42330.96,33143581.620000124,1119953.6842857145,2399539.855,861604.4796060325,1216969.9343910348,2896791.2342857146,3011160.9706666665,1.2548910010359742,-12437862.849999905,-18348633.46999955,0.4604157966778193,5,12,1
2019-12-22,U001,5071.14,0.0,33148652.76000011,924020.7657142858,2254973.719666667,945387.1046574049,1235712.7268006615,2896791.2342857146,2899881.8236666666,1.2859936230633016,-13809393.279999971,-19347243.119999647,0.49000796876840746,6,12,1
2019-12-23,U001,47709.64,6326510.16,26869852.24000013,522391.29857142863,2188822.5926666665,457661.6354516034,1299518.7325127728,3112376.5042857146,3109369.634666667,1.42056722417073,-18129896.439999938,-27616411.259999633,0.40919796073657255,0,12,0
2019-12-24,U001,7371.9,5414547.26,21462676.880000114,362908.26714285713,2138149.961333333,404617.1265988993,1354661.6128566014,3315271.1657142853,3289854.5433333335,1.5386453723207545,-20666540.28999996,-34551137.45999968,0.33459887080162454,1,12,0
2019-12-25,U001,0.0,0.0,21462676.880000114,274582.21714285715,1986640.085,407055.7220717651,1330112.8939098292,2856605.1614285717,3101946.121333333,1.561403167465703,-18074160.610000014,-33459181.089999676,0.36011684656341286,2,12,0
2019-12-26,U001,63280.60999999999,4930571.58,16595385.910000086,212730.18142857144,1844964.2803333332,400603.81237097085,1299727.1306310203,3118061.248571429,3101564.766,1.6810974602931792,-20337317.47000003,-37698014.569999695,0.2998321085291647,3,12,0
2019-12-27,U001,3456.54,6095244.31,10503598.140000105,56706.467142857146,1748870.0713333332,97290.9992011412,1326379.7159579017,3258457.7528571426,3108865.466666667,1.77764232896757,-22412259.0,-40799861.85999966,0.20019779841796545,4,12,0
2019-12-28,U001,699.96,178228.59,10326069.51000011,18227.112857142856,1707593.8136666666,25972.90521797023,1361594.123890594,3277871.6999999997,3114773.714,1.8240717956876038,-22817512.110000014,-42215397.00999975,0.20157154133798835,5,12,1
2019-12-29,U001,1435628.51,0.0,11761698.0200001,222592.45142857142,1695671.9003333335,535497.4090456379,1362383.5124982765,3277871.6999999997,2893630.309,1.7064800734335297,-21386954.74000001,-35938752.25999975,0.2312101772693172,6,12,1
2019-12-30,U001,2496779.4,5321649.19,8936828.23000002,572459.5599999999,1722073.5040000002,1000419.7597563772,1370217.149061481,3134320.132857143,3060844.987,1.7774183157050651,-17933024.01000011,-40163144.48999977,0.17298580672740782,0,12,0
2019-12-31,U001,1881221.71,5004420.32,5813629.620000005,840152.39,1748717.8313333334,1072143.9826674787,1365101.4119089823,3075730.5700000003,3227658.9976666667,1.845728876227959,-15649047.26000011,-44368234.98999977,0.1108169943302083,1,12,0
2020-01-01,U001,826087.22,0.0,6639716.840000033,958164.85,1685099.2296666666,1007787.1404714835,1362038.642109609,3075730.5700000003,2997412.0633333335,1.7787748107429011,-14822960.040000081,-39369385.00999975,0.131341757666371,2,1,0
2020-01-02,U001,1525909.46,0.0,8165626.3000000715,1167111.8285714285,1631284.6666666667,940719.0320177859,1334166.9957149352,2371363.2014285713,2839735.6,1.740797089573984,-8429759.610000014,-36253527.99999976,0.16685471818325745,3,1,0
2020-01-03,U001,3067879.63,5173.43,11228332.50000012,1604886.5557142857,1632259.5146666665,1018741.9860997807,1335241.0282118244,1501353.075714286,2727971.7593333335,1.6712855614080637,724734.3600000143,-32871367.339999795,0.22930039410824782,4,1,0
2020-01-04,U001,1729483.72,0.0,12957816.220000148,1851855.6642857143,1592735.6466666667,735092.4024472267,1313324.8447585395,1475891.8485714286,2633127.8843333335,1.6532108701428492,2631746.710000038,-31211767.129999757,0.27118574776504234,5,1,1
2020-01-05,U001,1229649.83,0.0,14187466.05000019,1822430.1385714286,1512164.1673333335,758287.4417751357,1255852.013549365,1475891.8485714286,2451376.327333333,1.6211046262630853,2425768.0300000906,-28176364.799999714,0.3127408684957679,6,1,1
2020-01-06,U001,2783466.36,471.04,16970461.370000243,1863385.4185714286,1540559.8960000002,806959.4593196294,1275145.1852032884,715723.5414285715,2449896.62,1.5902637906913293,8033633.140000224,-27280101.71999967,0.36719250393019104,0,1,0
2020-01-07,U001,2982345.33,16472.17,19936334.53000033,2020688.7928571429,1551516.2963333332,911559.4790497913,1286401.4100148997,3159.52,2450445.6923333337,1.579387659752219,14122704.910000324,-26967881.879999638,0.42831937112349294,1,1,0
2020-01-08,U001,2429209.46,135207.16,22230336.8300004,2249706.2557142857,1539839.399,748144.0739844786,1276421.4473862841,22474.82857142857,2259852.9776666667,1.4675900481142752,15590619.990000367,-21600407.359999537,0.4812263072031449,2,1,0
2020-01-09,U001,2778379.34,424288.69,24584427.480000377,2428630.5242857146,1523500.9259999997,694002.1018224288,1256512.538804054,83087.49857142857,2108625.632,1.3840658682999714,16418801.180000305,-17553741.17999959,0.5378932838272608,3,1,0
2020-01-10,U001,3211779.14,421039.22,27375167.400000334,2449187.597142857,1500135.9386666666,717815.8638572989,1216430.4060637555,142496.89714285714,1981272.9293333332,1.32072892746927,16146834.900000215,-14434109.719999671,0.6082819273105701,4,1,0
2020-01-11,U001,1725833.82,0.0,29101001.220000386,2448666.182857143,1449768.1446666666,718426.846131367,1172530.1281644357,142496.89714285714,1876121.6046666666,1.2940838930476213,16143185.000000238,-12790603.799999595,0.6690955223209466,5,1,1
2020-01-12,U001,1331729.77,0.0,30432730.990000367,2463249.0314285713,1365289.801,690033.8475972788,1080090.227947865,142496.89714285714,1818378.7253333332,1.3318628206271448,16245264.940000176,-13592667.729999661,0.7430102866002041,6,1,1
2020-01-13,U001,2663198.59,1253776.44,31842153.140000343,2446067.921428572,1402194.8956666666,682184.5570969158,1105450.0086461832,321540.52571428573,1860171.2733333332,1.3266139244137842,14871691.7700001,-13739291.329999685,0.7569597549861558,0,1,0
2020-01-14,U001,3012878.34,2251837.9899999998,32603193.490000367,2450429.7800000003,1456737.4546666667,686270.3586093386,1143843.66161251,640878.5,1935232.5396666666,1.3284703660684622,12666858.960000038,-14354852.549999714,0.7460322468210464,1,1,0
2020-01-15,U001,3181665.4699999997,2045564.41,33739294.55000043,2557923.4957142854,1467489.1066666667,739275.892406116,1158896.8406323127,913786.6785714285,1842837.5776666668,1.2557759844995284,11508957.720000029,-11260454.129999638,0.7663724020556825,2,1,0
2020-01-16,U001,2976308.89,1628881.22,35086722.220000386,2586199.145714286,1529240.9656666666,752775.0928784085,1188917.1932092577,1085871.3257142857,1763990.7973333334,1.1535074176909252,10502294.74000001,-7042494.94999969,0.7647960220732658,3,1,0
2020-01-17,U001,2262328.65,1924612.27,35424438.60000038,2450563.3614285714,1584042.5089999998,705311.3201086802,1183356.9193096282,1300667.4757142856,1721122.4719999998,1.0865380583040907,8049271.200000048,-4112398.8899997473,0.7454437701583252,4,1,0
2020-01-18,U001,1845628.75,0.0,37270067.35000038,2467676.922857143,1629021.9719999998,685984.3544902313,1166103.1986835292,1300667.4757142856,1617776.5063333332,0.9930967992697728,8169066.129999995,337363.970000267,0.7626266555558442,5,1,1
2020-01-19,U001,1352915.1,0.0,38622982.450000405,2470703.3985714284,1637598.3906666667,680159.4271885896,1162986.8921995657,1300667.4757142856,1447360.8803333333,0.8838314012656744,8190251.460000038,5707125.3100003,0.7861712344558623,6,1,1
2020-01-20,U001,2074886.8,0.0,40697869.25000036,2386658.8571428573,1697759.436,688703.2579099935,1136177.5559571683,1121556.5557142857,1445949.8483333332,0.8516812321420861,8855716.110000014,7554287.630000234,0.7990505680020727,0,1,0
2020-01-21,U001,2335966.29,6236844.24,36796991.30000031,2289957.1357142855,1775455.941,631246.5709343128,1095399.4018175334,1690843.162857143,1653844.6563333333,0.9315041945799167,4193797.809999943,3648338.5400002003,0.6908458544884144,1,1,0
2020-01-22,U001,3638713.9899999998,3395469.19,37040236.10000026,2355249.7814285713,1895156.086,751109.4895059635,1096292.7366846425,1883686.7028571428,1556143.2906666666,0.8211161614403653,3300941.549999833,10170383.860000134,0.651489629686721,2,1,0
2020-01-23,U001,3135918.34,2787054.33,37389100.11000025,2378051.1314285714,1999440.9673333333,775143.2622882418,1058681.3026121445,2049140.0042857141,1468560.193,0.7344853971651024,2302377.8899998665,15926423.230000138,0.6233258982695602,3,1,0
2020-01-24,U001,3603548.3,2374611.55,38618036.86000025,2569653.9385714284,2119559.244,897826.3222879433,1027986.3318509522,2113425.615714286,1547713.9113333335,0.7302055442491484,3193598.2599998713,17155359.98000014,0.6073281032258524,4,1,0
2020-01-25,U001,1343952.4,32830.64,39929158.62000024,2497985.8885714286,2162248.3036666666,981387.6444600803,964267.3569921277,2118115.707142857,1384455.88,0.6402853352467832,2659091.2699998617,23333772.710000157,0.6155500049383743,5,1,1
2020-01-26,U001,2030855.45,0.0,41960014.07000029,2594834.5100000002,2229828.2673333334,877505.5934945615,874631.0590757866,2118115.707142857,1181281.0696666667,0.5297632499203039,3337031.6199998856,31456415.930000186,0.6272532984521502,6,1,1
2020-01-27,U001,2758343.73,4356006.39,40362351.410000324,2692471.214285714,2321749.7263333336,847521.4413619847,771054.6771721696,2740402.334285714,1320540.3296666667,0.5687694563669249,-335517.8400000334,30036281.900000215,0.5794818013358589,0,1,0
2020-01-28,U001,2828391.66,4272412.79,38918330.28000033,2762817.695714286,2368175.1646666666,833316.0440660466,757674.5215975329,2459769.27,1462954.0893333333,0.6177558616274282,2121338.980000019,27156632.26000023,0.5477963350665447,1,1,0
2020-01-29,U001,2938718.38,2764177.21,39092871.450000286,2662818.3228571424,2382906.464,748358.3573588823,764526.4460701563,2369584.7014285713,1377705.0233333334,0.5781616039685783,2052635.3500000238,30156043.220000267,0.5468513912260761,2,1,0
2020-01-30,U001,2867491.7199999997,2722524.43,39237838.74000037,2624471.6628571427,2415782.1309999996,726637.884955848,763414.0854263903,2360366.1442857143,1301641.827,0.5388076227143846,1848738.6300001144,33424209.120000362,0.5414097327802497,3,1,0
2020-01-31,U001,2432536.26,2657982.82,39012392.180000305,2457184.2285714285,2469330.4323333334,584575.0925387827,701927.3732571711,2400847.7542857146,1390241.2543333333,0.5630033292140895,394355.32000005245,32372675.34000027,0.5266257831026216,4,1,0
2020-02-01,U001,1234470.69,0.0,40246862.87000036,2441543.9842857146,2459615.8066666666,619731.0176563862,717283.2681469982,2396157.6628571427,1390241.2543333333,0.5652269962508589,317704.2500001192,32081236.57000029,0.5454356294305969,5,2,1
2020-02-02,U001,1076538.49,0.0,41323401.36000037,2305212.9899999998,2393237.7686666665,803001.780061171,750427.4640079663,2396157.6628571427,1390068.8066666669,0.5808318859354745,-636612.7099999189,30095068.860000253,0.5755578196342034,6,2,1
2020-02-03,U001,2006569.53,3976587.17,39353383.720000386,2197816.6757142856,2402473.962333333,782303.6306427749,743650.9112168096,2341954.9171428573,1522621.7123333334,0.6337724096932694,-1008967.689999938,26395567.50000024,0.5460119351550926,0,2,0
2020-02-04,U001,1760343.12,3681074.29,37432652.55000043,2045238.312857143,2420163.7386666667,741933.400712673,720749.4036392746,2257477.988571428,1645324.1886666669,0.6798400299862026,-1485677.7299998999,23245186.50000024,0.5155663912588974,1,2,0
2020-02-05,U001,3158510.17,2863326.28,37727836.440000415,2076637.1400000001,2432665.199,789193.4088740541,730455.4423670528,2271642.1414285717,1740752.6966666665,0.7155742999004717,-1365035.0099998713,20757375.07000017,0.5169616223872383,2,2,0
2020-02-06,U001,2941494.57,3401700.93,37267630.08000052,2087208.9757142856,2431303.5069999998,801945.8087684955,729432.7721013597,2368667.3557142857,1853593.6553333332,0.7623867814103118,-1970208.6599998474,17331295.55000019,0.5109416954417355,3,2,0
2020-02-07,U001,2557170.37,3015709.23,36809091.220000505,2105013.8485714286,2435568.870666667,812208.5288041026,729794.1415882905,2419771.1285714284,1949610.3909999998,0.8004743427626213,-2203300.9599997997,14578754.390000105,0.5037713045648767,4,2,0
2020-02-08,U001,1944826.06,0.0,38753917.28000045,2206493.187142857,2407783.7613333333,725008.564219113,732156.3405476017,2419771.1285714284,1935467.4346666667,0.8038377306751512,-1492945.5899999142,14169489.800000072,0.536508827500081,5,2,1
2020-02-09,U001,995820.9299999999,0.0,39749738.210000396,2194962.1071428573,2333918.4876666665,746304.6121976344,759516.2346827122,2419771.1285714284,1921432.794,0.8232647387445614,-1573663.1499999762,12374570.810000062,0.5677110321840498,6,2,1
2020-02-10,U001,2635515.85,4209950.08,38175303.98000038,2284811.5814285716,2364241.222,757617.844094428,752528.8944170342,2453108.6871428574,2061764.4633333334,0.8720618032322479,-1178079.7400000095,9074302.75999999,0.5382319370906727,0,2,0
2020-02-11,U001,3526479.21,3246189.99,38455593.200000405,2537116.737142857,2437399.5366666666,843106.8415638448,755368.0409903036,2390982.358571429,2169970.7963333335,0.8902811228482209,1022940.6499999762,8022862.210000038,0.5259101297851702,1,2,0
2020-02-12,U001,3624369.21,2549862.98,39530099.430000424,2603668.028571429,2469438.5573333334,915601.7600782993,785075.4910045448,2346201.887142857,2213173.681,0.8962254494762302,1802262.9900000095,7687946.290000081,0.5335909156706953,2,2,0
2020-02-13,U001,2505890.44,3253117.77,38782872.1000005,2541438.867142857,2452538.9606666667,903538.036771688,778402.3496891267,2324975.7214285717,2246549.6736666667,0.9160097799449406,1515242.019999981,6179678.6100001335,0.5271118722541892,3,2,0
2020-02-14,U001,2553649.0100000002,3124263.42,38212257.690000534,2540935.8157142857,2431605.078666666,903528.7985947733,766470.8032552777,2340483.462857143,2282506.3073333334,0.9386829824294128,1403166.4700000286,4472963.140000105,0.5238276289908289,4,2,0
2020-02-15,U001,1788046.73,29914.28,39970390.14000058,2518538.768571429,2391996.3400000003,922511.922219762,768052.7733245735,2344756.931428571,2229207.4093333334,0.9319443228468038,1216472.8600001335,4883667.9200001955,0.5570018296934431,5,2,1
2020-02-16,U001,970689.88,18163.2,40922916.82000053,2514948.618571428,2348941.7143333335,929448.386726827,810596.5052504784,2347351.6742857145,2165659.107,0.9219722625661864,1173178.6100001335,5498478.220000148,0.5807284271932235,6,2,1
2020-02-17,U001,2729629.33,22088.1,43630458.05000055,2528393.4014285714,2378408.4003333333,932159.8429451538,807731.7045291554,1749085.677142857,2166395.377,0.9108592858553561,5455154.070000172,6360390.700000167,0.6114797616182562,0,2,0
2020-02-18,U001,3005417.36,4637912.15,41997963.26000059,2453955.9942857143,2433491.8090000004,856944.3699857482,791571.1778331628,1947903.1285714286,2320992.448666667,0.9537703969591075,3542370.060000181,3374980.810000181,0.5752770991417321,1,2,0
2020-02-19,U001,3143734.01,3648804.41,41492892.86000061,2385293.822857143,2469120.049333333,761473.0328392806,798894.241070079,2104894.7614285713,2442619.2623333335,0.9892671127889652,1962793.430000186,795023.6100002527,0.5601576274268745,2,2,0
2020-02-20,U001,2830778.03,2384087.54,41939583.35000074,2431706.3357142857,2485613.7739999997,779730.8150624915,801155.0611199904,1980747.585714286,2314194.039,0.9310352490024463,3156711.2500002384,5142592.050000429,0.5624309481585176,3,2,0
2020-02-21,U001,2310556.9899999998,2724094.86,41526045.480000734,2396978.904285714,2441341.874,778807.4270369809,771381.1675167127,1923580.6485714286,2291814.8946666666,0.9387521342562557,3313787.7900002003,4485809.380000472,0.5669838914170955,4,2,0
2020-02-22,U001,2230599.67,47593.72,43709051.43000078,2460200.7528571426,2411164.585,738032.3719426108,760909.0300574925,1926106.2828571429,2200499.5409999997,0.9126293388221774,3738661.2900002003,6319951.320000529,0.6042591990874095,5,2,1
2020-02-23,U001,1119206.1300000001,0.0,44828257.5600009,2481417.36,2328353.1793333334,688552.057999606,761852.0959514314,1923511.5399999998,2121345.8226666665,0.9110928021985316,3905340.740000367,6210220.700000644,0.6417734496911156,6,2,1
2020-02-24,U001,2951026.39,4530989.61,43248294.34000099,2513045.5114285713,2381922.3123333333,706699.452704813,746595.1989019726,2567640.327142857,2271284.455,0.9535510218950204,-382163.7099995613,3319135.720000744,0.6052295676768583,0,2,0
2020-02-25,U001,3207102.14,3511877.28,42943519.20000112,2541857.6228571427,2421130.5353333335,733714.1019910474,758316.706726511,2406778.2028571432,2388347.0310000004,0.9864594230443591,945555.940000534,983505.1300008297,0.5912323268447647,1,2,0
2020-02-26,U001,3890165.36,3209695.85,43623988.71000099,2648490.672857143,2458857.923,876175.650001775,802537.6241548087,2344048.4085714286,2350136.679666667,0.9557838448832844,2131095.8500003815,3261637.3000006676,0.5913855141438495,2,2,0
2020-02-27,U001,84782.57,3271104.8,40437666.48000097,2256205.6071428573,2367404.2866666666,1295393.1298091365,908327.338807351,2470765.16,2316759.746666667,0.9786075659804994,-1501916.8699997663,1519336.2000006437,0.5693671434117081,3,2,0
2020-02-28,U001,0.0,4591244.34,35846422.14000094,1926126.0371428572,2269447.007333333,1548822.250168656,998568.5009979798,2737500.8000000003,2377661.9843333336,1.0476834121485639,-5679623.339999795,-3246449.3099993467,0.5265074417419647,4,2,0
2020-02-29,U001,0.0,17147.05,35829275.09000099,1607468.9414285715,2173863.95,1698016.6411147648,1073757.1981958593,2733151.2757142857,2287482.7383333337,1.052265822952413,-7879776.339999795,-3408563.64999938,0.5493946250254987,5,2,1
2020-03-01,U001,0.0,0.0,35829275.09000099,1447582.3514285714,2092779.4079999998,1801211.2986365864,1143153.730878983,2733151.2757142857,2198883.3109999998,1.050699993795046,-8998982.46999991,-3183117.089999318,0.5706808682755826,6,3,1
2020-03-02,U001,0.0,3526921.07,32302354.020000935,1026007.1528571428,2051630.385,1734802.774799601,1196106.4370322854,2589712.9128571427,2316447.3466666667,1.1290763500106122,-10945940.320000052,-7944508.849999428,0.5248241310288604,0,3,0
2020-03-03,U001,0.0,3603125.54,28699228.480000973,567849.7042857142,2015745.7686666665,1465344.1919743847,1241650.7298735604,2602748.3785714284,2436551.5313333333,1.208759343171045,-14244290.720000148,-12624172.8799994,0.47458412871487493,1,3,0
2020-03-04,U001,0.0,2852170.61,25847057.87000096,12111.795714285716,1948860.1176666664,32044.79939125616,1295058.720624767,2551673.344285714,2399070.979333333,1.231012404423205,-17776930.840000033,-13506325.849999428,0.4420884741067196,2,3,0
2020-03-05,U001,0.0,3040999.97,22806057.90000093,0.0,1890182.0136666666,0.23231585138664412,1342891.3621974725,2518801.2257142854,2377735.168666667,1.257939791763345,-17631608.580000043,-14626594.6499995,0.4021845115991526,3,3,0
2020-03-06,U001,0.0,2962544.17,19843513.730000973,0.0,1784898.3413333332,0.23231585138664412,1363678.4848610403,2286129.772857143,2381042.4316666666,1.3339933017630625,-16002908.409999967,-17884322.709999442,0.37058158571237754,4,3,0
2020-03-07,U001,0.0,0.0,19843513.730000973,0.0,1686848.522333333,0.23231585138664412,1383258.0921401458,2283680.194285714,2267652.4006666667,1.3443130018159166,-15985761.360000014,-17424116.349999547,0.3921220245382483,5,3,1
2020-03-08,U001,0.0,0.0,19843513.730000973,0.0,1601609.51,0.23231585138664412,1406373.5791123116,2283680.194285714,2167128.759666667,1.353094337999196,-15985761.360000014,-16965577.489999533,0.4129910902356587,6,3,1
2020-03-09,U001,0.0,4243667.98,15599845.750000954,0.0,1536781.9746666665,0.23231585138664412,1434548.9477224578,2386072.6100000003,2308584.3589999997,1.5022198314765762,-16702508.26999998,-23154071.529999495,0.33836605771365447,0,3,0
2020-03-10,U001,0.0,2449489.65,13150356.100000858,0.0,1503587.9436666665,0.23231585138664412,1458813.8130583966,2221267.482857143,2390234.014,1.5896868713719188,-15548872.380000114,-26599382.109999537,0.2915328000465396,1,3,0
2020-03-11,U001,0.0,2718801.93,10431554.170000792,0.0,1415737.4153333332,0.23231585138664412,1467627.4420757396,2202214.8142857146,2340529.075666667,1.6532225893850472,-15415503.700000167,-27743749.809999585,0.2456094389873068,2,3,0
2020-03-12,U001,0.0,2248603.73,8182950.4400007725,0.0,1298188.1083333334,0.23231585138664412,1433569.5173528618,2089015.3514285716,2307276.2003333336,1.7773049880232754,-14623107.460000157,-30272642.759999633,0.21011208846834933,3,3,0
2020-03-13,U001,0.0,1313272.84,6869677.600000858,0.0,1177375.8013333334,0.23231585138664412,1382586.6651467062,1853405.1614285714,2266056.529,1.9246671508228532,-12973836.130000114,-32660421.829999566,0.19449121773527223,4,3,0
2020-03-14,U001,0.0,0.0,6869677.600000858,0.0,1093846.12,0.23231585138664412,1375233.8624332284,1853405.1614285714,2157619.27,1.9725071292477592,-12973836.130000114,-31913194.499999642,0.2093432057274765,5,3,1
2020-03-15,U001,0.0,0.0,6869677.600000858,0.0,1008724.4863333333,0.23231585138664412,1360715.8511068744,1853405.1614285714,2053477.156,2.0357165745666532,-12973836.130000114,-31342580.089999676,0.22700871886805013,6,3,1
2020-03-16,U001,0.0,626742.96,6242934.64000082,0.0,949122.9286666666,0.23231585138664412,1364557.4343267751,1336701.587142857,2073371.4453333332,2.1845130727649975,-9356911.110000134,-33727455.49999976,0.219252759624823,0,3,0
2020-03-17,U001,0.0,248282.0,5994652.64000082,0.0,916766.5993333333,0.23231585138664412,1375493.0651326308,1022243.3514285714,2081042.0720000002,2.2699802474406465,-7155703.460000038,-34928264.17999971,0.21796360688969588,1,3,0
2020-03-18,U001,0.0,155905.80000000002,5838746.840000868,0.0,825778.955,0.23231585138664412,1341294.8089296084,656115.3328571429,2085502.662,2.5254974704459503,-4592807.329999924,-37791711.20999968,0.2356864309610501,2,3,0
2020-03-19,U001,0.0,122568.09999999999,5716178.740000963,0.0,725598.3763333333,0.23231585138664412,1283893.3786580057,352395.9571428572,1934991.1936666667,2.6667523753908586,-2466771.6999998093,-36281784.51999962,0.2625960828305843,3,3,0
2020-03-20,U001,0.0,189353.47999999998,5526825.260000944,0.0,620807.2426666667,0.23231585138664412,1205629.9202744584,191836.04857142855,1819676.1626666666,2.931145189044959,-1342852.3399999142,-35966067.599999666,0.2967547670277687,4,3,0
2020-03-21,U001,0.0,15088.0,5511737.260000944,0.0,526447.975,0.23231585138664412,1135433.720032401,193991.47714285713,1740709.511333333,3.306517631363922,-1357940.3399999142,-36427846.089999795,0.34898904366260464,5,3,1
2020-03-22,U001,0.0,0.0,5511737.260000944,0.0,449429.4086666667,0.23231585138664412,1087598.2547954307,193991.47714285713,1649906.3493333333,3.671113455232382,-1357940.3399999142,-36014308.21999979,0.4087951784873736,6,3,1
2020-03-23,U001,0.0,224394.27,5287342.990000963,0.0,375076.08633333334,0.23231585138664412,1036685.6296746526,136513.09285714285,1655799.7010000001,4.414570166780712,-955591.649999857,-38421708.43999982,0.4698907041936425,0,3,0
2020-03-24,U001,0.0,439520.82,4847822.17000103,0.0,337769.21533333336,0.23231585138664412,1029093.9137865229,163832.92428571428,1670450.395,4.945537719745973,-1146830.4699997902,-39980435.38999987,0.47841563114002494,1,3,0
2020-03-25,U001,0.0,317523.24,4530298.93000102,0.0,239401.66900000002,0.23231585138664412,904141.5050813499,186921.12999999998,1530001.516,6.390939221062824,-1308447.9099998474,-38717995.40999997,0.6307807500430055,2,3,0
2020-03-26,U001,0.0,50867.94,4479430.990000963,0.0,132498.26433333333,0.23231585138664412,709878.5935729186,176678.25,1414634.538,10.67662693634329,-1236747.75,-38464088.21000016,1.126915639873794,3,3,0
2020-03-27,U001,0.0,1847278.32,2632152.67000103,0.0,2826.085666666667,0.23231585138664412,15479.108690189212,413524.6557142857,1369220.6203333333,484.49367139967563,-2894672.589999914,-40991836.03999996,31.04591745686678,4,3,0
2020-03-28,U001,0.0,31290.05,2600862.6200010777,0.0,0.0,0.23231585138664412,0.0,415839.2342857143,1261226.7953333333,,-2910874.6399998665,-37836803.859999895,,5,3,1
2020-03-29,U001,0.0,0.0,2600862.6200010777,0.0,0.0,0.23231585138664412,0.0,415839.2342857143,1108185.3173333334,,-2910874.6399998665,-33245559.51999986,,6,3,1
2020-03-30,U001,0.0,255640.01,2345222.610001087,0.0,0.0,0.23231585138664412,0.0,420302.9114285714,1116135.0826666667,,-2942120.379999876,-33484052.4799999,,0,3,0
2020-03-31,U001,0.0,199368.65000000002,2145853.960000992,0.0,0.0,0.23231585138664412,0.0,385995.4585714286,1122780.7043333335,,-2701968.210000038,-33683421.129999995,,1,3,0
2020-04-01,U001,0.0,165290.08000000002,1980563.880001068,0.0,0.0,0.23231585138664412,0.0,364247.8642857143,1010726.338,,-2549735.0499999523,-30321790.139999866,,2,4,0
2020-04-02,U001,0.0,78796.87,1901767.0100011826,0.0,0.0,0.23231585138664412,0.0,368237.71142857143,893248.7156666667,,-2577663.9799997807,-26797461.46999979,,3,4,0
2020-04-03,U001,0.0,71226.86,1830540.1500012875,0.0,0.0,0.23231585138664412,0.0,114516.07428571429,800550.5906666666,,-801612.5199997425,-24016517.71999967,,4,4,0
2020-04-04,U001,0.0,0.0,1830540.1500012875,0.0,0.0,0.23231585138664412,0.0,110046.06714285714,699183.925,,-770322.4699997902,-20975517.749999642,,5,4,1
2020-04-05,U001,0.0,0.0,1830540.1500012875,0.0,0.0,0.23231585138664412,0.0,110046.06714285714,600432.4526666667,,-770322.4699997902,-18012973.579999685,,6,4,1
2020-04-06,U001,0.0,62136.700000000004,1768403.4500012398,0.0,0.0,0.23231585138664412,0.0,82402.73714285715,602503.6760000001,,-576819.1599998474,-18075110.279999733,,0,4,0
2020-04-07,U001,0.0,6732.719999999999,1761670.7300012112,0.0,0.0,0.23231585138664412,0.0,54883.31857142858,602728.1000000001,,-384183.22999978065,-18081842.99999976,,1,4,0
2020-04-08,U001,0.0,1193.18,1760477.5500011444,0.0,0.0,0.23231585138664412,0.0,31440.904285714285,461312.2733333333,,-220086.3299999237,-13839368.19999981,,2,4,0
2020-04-09,U001,0.0,26431.55,1734046.000001192,0.0,0.0,0.23231585138664412,0.0,23960.144285714287,380543.67,,-167721.00999999046,-11416310.099999666,,3,4,0
2020-04-10,U001,0.0,156528.64,1577517.3600010872,0.0,0.0,0.23231585138664412,0.0,36146.11285714286,295134.5603333333,,-253022.79000020027,-8854036.809999704,,4,4,0
2020-04-11,U001,0.0,24861.4,1552655.9600009918,0.0,0.0,0.23231585138664412,0.0,39697.74142857144,221009.816,,-277884.19000029564,-6630294.479999781,,5,4,1
2020-04-12,U001,0.0,0.0,1552655.9600009918,0.0,0.0,0.23231585138664412,0.0,39697.74142857144,177234.05466666666,,-277884.19000029564,-5317021.6399998665,,6,4,1
2020-04-13,U001,0.0,163539.9,1389116.0600008965,0.0,0.0,0.23231585138664412,0.0,54183.91285714286,182685.38466666668,,-379287.3900003433,-5480561.539999962,,0,4,0
2020-04-14,U001,0.0,81152.34,1307963.7200009823,0.0,0.0,0.23231585138664412,0.0,64815.287142857145,185390.46266666666,,-453707.0100002289,-5561713.879999876,,1,4,0
2020-04-15,U001,0.0,118693.3,1189270.42000103,0.0,0.0,0.23231585138664412,0.0,81601.01857142858,168455.474,,-571207.1300001144,-5053664.21999979,,2,4,0
2020-04-16,U001,0.0,25123.34,1164147.0800011158,0.0,0.0,0.23231585138664412,0.0,81414.13142857143,161016.85199999998,,-569898.9200000763,-4830505.559999704,,3,4,0
2020-04-17,U001,0.0,26533.67,1137613.4100010395,0.0,0.0,0.23231585138664412,0.0,62843.42142857143,156704.44766666665,,-439903.9500000477,-4701133.429999828,,4,4,0
2020-04-18,U001,0.0,0.0,1137613.4100010395,0.0,0.0,0.23231585138664412,0.0,59291.792857142864,152618.84433333334,,-415042.5499999523,-4578565.329999924,,5,4,1
2020-04-19,U001,0.0,0.0,1137613.4100010395,0.0,0.0,0.23231585138664412,0.0,59291.792857142864,146307.06166666665,,-415042.5499999523,-4389211.849999905,,6,4,1
2020-04-20,U001,0.0,308563.25,829050.1600010395,0.0,0.0,0.23231585138664412,0.0,80009.41428571429,156089.56999999998,,-560065.899999857,-4682687.099999905,,0,4,0
2020-04-21,U001,0.0,26887.1,802163.0600011349,0.0,0.0,0.23231585138664412,0.0,72257.23714285715,156985.80666666667,,-505800.6599998474,-4709574.199999809,,1,4,0
2020-04-22,U001,0.0,51309.85,750853.2100012302,0.0,0.0,0.23231585138664412,0.0,62631.030000000006,151216.326,,-438417.2099997997,-4536489.779999733,,2,4,0
2020-04-23,U001,0.0,83958.39,666894.8200011253,0.0,0.0,0.23231585138664412,0.0,71036.03714285714,139364.245,,-497252.25999999046,-4180927.3499999046,,3,4,0
2020-04-24,U001,0.0,83990.7,582904.1200010777,0.0,0.0,0.23231585138664412,0.0,79244.18428571429,131579.82700000002,,-554709.2899999619,-3947394.809999943,,4,4,0
2020-04-25,U001,0.0,0.0,582904.1200010777,0.0,0.0,0.23231585138664412,0.0,79244.18428571429,129884.229,,-554709.2899999619,-3896526.8699998856,,5,4,1
2020-04-26,U001,0.0,0.0,582904.1200010777,0.0,0.0,0.23231585138664412,0.0,79244.18428571429,68308.285,,-554709.2899999619,-2049248.5499999523,,6,4,1
2020-04-27,U001,0.0,42939.86,539964.2600011826,0.0,0.0,0.23231585138664412,0.0,41297.985714285714,68696.61200000001,,-289085.89999985695,-2060898.359999895,,0,4,0
2020-04-28,U001,0.0,22959.46,517004.8000011444,0.0,0.0,0.23231585138664412,0.0,40736.89428571429,69461.92733333334,,-285158.25999999046,-2083857.8199999332,,1,4,0
2020-04-29,U001,0.0,8617.14,508387.6600010395,0.0,0.0,0.23231585138664412,0.0,34637.93571428571,61227.831666666665,,-242465.55000019073,-1836834.9500000477,,2,4,0
2020-04-30,U001,0.0,80251.73,428135.93000102043,0.0,0.0,0.23231585138664412,0.0,34108.41285714285,57257.26766666667,,-238758.8900001049,-1717718.0299999714,,3,4,0
2020-05-01,U001,0.0,70862.65,357273.28000092506,0.0,0.0,0.23231585138664412,0.0,32232.977142857144,54109.68666666667,,-225630.8400001526,-1623290.600000143,,4,5,0
2020-05-02,U001,0.0,0.0,357273.28000092506,0.0,0.0,0.23231585138664412,0.0,32232.977142857137,51483.12433333333,,-225630.8400001526,-1544493.7300002575,,5,5,1
2020-05-03,U001,0.0,0.0,357273.28000092506,0.0,0.0,0.23231585138664412,0.0,32232.977142857137,49108.89566666667,,-225630.8400001526,-1473266.8700003624,,6,5,1
2020-05-04,U001,0.0,6382.8,350890.48000097275,0.0,0.0,0.23231585138664412,0.0,27010.539999999997,49321.655666666666,,-189073.7800002098,-1479649.6700003147,,0,5,0
2020-05-05,U001,0.0,23730.34,327160.1400010586,0.0,0.0,0.23231585138664412,0.0,27120.66571428571,50112.667,,-189844.66000008583,-1503380.0100002289,,1,5,0
2020-05-06,U001,0.0,167374.63,159785.51000094414,0.0,0.0,0.23231585138664412,0.0,49800.307142857135,53620.598,,-348602.15000009537,-1608617.9400002956,,2,5,0
2020-05-07,U001,0.0,0.0,159785.51000094414,0.0,0.0,0.23231585138664412,0.0,38335.77428571428,53396.174000000006,,-268350.4200000763,-1601885.220000267,,3,5,0
2020-05-08,U001,0.0,24587.03,135198.48000097275,0.0,0.0,0.23231585138664412,0.0,31724.971428571425,54175.969,,-222074.79999995232,-1625279.0700001717,,4,5,0
2020-05-09,U001,0.0,0.0,135198.48000097275,0.0,0.0,0.23231585138664412,0.0,31724.971428571425,53294.91733333333,,-222074.79999995232,-1598847.5200002193,,5,5,1
2020-05-10,U001,0.0,0.0,135198.48000097275,0.0,0.0,0.23231585138664412,0.0,31724.971428571425,48077.295999999995,,-222074.79999995232,-1442318.8800001144,,6,5,1
2020-05-11,U001,0.0,23047.85,112150.63000106812,0.0,0.0,0.23231585138664412,0.0,34105.69285714286,48016.844333333334,,-238739.84999990463,-1440505.3299999237,,0,5,0
2020-05-12,U001,0.0,0.0,112150.63000106812,0.0,0.0,0.23231585138664412,0.0,30715.644285714287,48016.844333333334,,-215009.50999999046,-1440505.3299999237,,1,5,0
2020-05-13,U001,0.0,0.0,112150.63000106812,0.0,0.0,0.23231585138664412,0.0,6804.982857142857,42565.51433333333,,-47634.87999987602,-1276965.4299998283,,2,5,0
2020-05-14,U001,0.0,3653.25,108497.38000106812,0.0,0.0,0.23231585138664412,0.0,7326.875714285714,39982.21133333333,,-51288.12999987602,-1199466.3399999142,,3,5,0
2020-05-15,U001,0.0,0.0,108497.38000106812,0.0,0.0,0.23231585138664412,0.0,3814.442857142857,36025.768000000004,,-26701.099999904633,-1080773.0399999619,,4,5,0
2020-05-16,U001,0.0,0.0,108497.38000106812,0.0,0.0,0.23231585138664412,0.0,3814.442857142857,35188.323333333334,,-26701.099999904633,-1055649.7000000477,,5,5,1
2020-05-17,U001,0.0,0.0,108497.38000106812,0.0,0.0,0.23231585138664412,0.0,3814.442857142857,34303.867666666665,,-26701.099999904633,-1029116.0299999714,,6,5,1
2020-05-18,U001,0.0,0.0,108497.38000106812,0.0,0.0,0.23231585138664412,0.0,521.8928571428571,34303.867666666665,,-3653.25,-1029116.0299999714,,0,5,0
2020-05-19,U001,0.0,0.0,108497.38000106812,0.0,0.0,0.23231585138664412,0.0,521.8928571428571,34303.867666666665,,-3653.25,-1029116.0299999714,,1,5,0
2020-05-20,U001,0.0,0.0,108497.38000106812,0.0,0.0,0.23231585138664412,0.0,521.8928571428571,24018.426,,-3653.25,-720552.7799999714,,2,5,0
2020-05-21,U001,0.0,32065.28,76432.10000109673,0.0,0.0,0.23231585138664412,0.0,4580.754285714285,24191.032,,-32065.27999997139,-725730.9600000381,,3,5,0
2020-05-22,U001,0.0,76432.09999999999,1.1920928955078125e-06,0.0,0.0,0.23231585138664412,0.0,15499.625714285712,25028.440333333332,,-108497.37999987602,-750853.2100000381,,4,5,0
